indice,titulo,ean,categoria,tempo,k-1,k-1-qtd,k-1-qtd/1,k-10,k-10-qtd,k-10-qtd/10,k-50,k-50-qtd,k-50-qtd/50,match_rank,1/match_rank,match_rank/total
1,Fogao A gas palladio vitreo 4 Q preto fosco gás glp,7899552140974,fogoes,970.9355115890503,1,1,1,1,1,0.1,1,1,0.02,1,1.0,0.0003762227238525207
2,Fogão Atlas 4 Bocas Branco,7897180505127,fogoes,970.9355115890503,1,1,1,1,2,0.2,1,11,0.22,1,1.0,0.0003762227238525207
4,Fogão Mueller 5 Bocas Piacere Automático 601230004 - Inox,7908156901680,fogoes,970.9355115890503,0,0,0,1,4,0.4,1,4,0.08,2,0.5,0.0007524454477050414
5,"Smart TV 4K Samsung qled 75 com Design Slim, Alexa built in e Wi-Fi - 75Q70AA",7892509117593,tvs,970.9355115890503,1,1,1,1,4,0.4,1,6,0.12,1,1.0,0.0003762227238525207
6,Kit Fogão Campeiro 75X45 - Chapa 1 Furo + Porta M + Grelha,7898969422352,fogoes,970.9355115890503,1,1,1,1,1,0.1,1,1,0.02,1,1.0,0.0003762227238525207
8,"Refrigerador Side By Side Lg 601l Painel Touch, Dispenser, New Lancaster Gs65sdn 220v",6934585684468,geladeiras,970.9355115890503,1,1,1,1,6,0.6,1,9,0.18,1,1.0,0.0003762227238525207
10,Fogão Atlas 5 Bocas Mônaco Top Glass com Mesa de Vidro Temperado Bivolt Branco,7897180505158,fogoes,970.9355115890503,1,1,1,1,5,0.5,1,8,0.16,1,1.0,0.0003762227238525207
11,Fogão a Gás 4 Bocas Moderatto 601186001 Branco - Mueller,7898361094980,fogoes,970.9355115890503,0,0,0,1,2,0.2,1,4,0.08,5,0.2,0.0018811136192626034
13,Fogão 5 Bocas Mesa de Vidro Horus com Acendimento Glass Bivolt Inox,7898385061593,fogoes,970.9355115890503,1,1,1,1,1,0.1,1,1,0.02,1,1.0,0.0003762227238525207
14,Smartphone Motorola Moto G200 256GB 5G Wi-Fi Tela 6.8'' Dual Chip 8GB RAM Câmera Tripla + Selfie 16MP - Verde,7892597351558,celulares,970.9355115890503,1,1,1,1,1,0.1,1,1,0.02,1,1.0,0.0003762227238525207
15,Notebook ultra multilaser 15.6 pol celeron N4020 4GB 120GB ssd windows 11 prata + microsoft 365 pers,7908414438545,notebooks,970.9355115890503,0,0,0,1,1,0.1,1,1,0.02,3,0.3333333333333333,0.001128668171557562
16,Geladeira Lg Bottom Freezer 451 Litros Inox 110v Gc-b659bsb,8806098423927,geladeiras,970.9355115890503,1,1,1,1,7,0.7,1,7,0.14,1,1.0,0.0003762227238525207
17,Smartphone Galaxy A03 64GB 4G Wi-Fi Tela 6.5'' Dual Chip 4GB RAM Câmera Dupla + Selfie 5MP - Vermelho,7892509121231,celulares,970.9355115890503,1,1,1,1,1,0.1,1,1,0.02,1,1.0,0.0003762227238525207
19,Smart Tv Uhd 4k 55 Wifi Preto Bivolt,7908414412934,tvs,970.9355115890503,1,1,1,1,4,0.4,1,4,0.08,1,1.0,0.0003762227238525207
20,Fogão de Piso 4 Bocas Mesa Inox Vidro Duplo 60L Dako Supreme branco Bivolt,7897180504236,fogoes,970.9355115890503,1,1,1,1,6,0.6,1,9,0.18,1,1.0,0.0003762227238525207
22,"SAMSUNG, TV Smart 65 Uhd 4K UN65AU7700GXZD",7892509117937,tvs,970.9355115890503,0,0,0,1,1,0.1,1,1,0.02,4,0.25,0.0015048908954100827
23,"Smart TV Semp Roku Led 50¿ Rk8500 4k UHD HDR Wifi Dual Band, 4 Hdmi, 1 Usb, Com Controle Por Aplicativo",7899968301167,tvs,970.9355115890503,1,1,1,1,1,0.1,1,1,0.02,1,1.0,0.0003762227238525207
24,Fogão 5 Bocas Fratello Vetro com Mesa de Vidro Mueller,7908156900416,fogoes,970.9355115890503,1,1,1,1,8,0.8,1,14,0.28,1,1.0,0.0003762227238525207
27,"Notebook Lenovo Ideapad 3i Intel Celeron N4020 Memoria 4GB Ssd 480GB Tela 15,6'' HD Windows 10 Pro",195713167154,notebooks,970.9355115890503,1,1,1,1,5,0.5,1,5,0.1,1,1.0,0.0003762227238525207
28,TV Philco PTV39G50D d-led 39,7891356086595,tvs,970.9355115890503,1,1,1,1,7,0.7,1,7,0.14,1,1.0,0.0003762227238525207
29,Fogão de Piso Continental 4 Bocas FC4CB Branco Automático com Mesa Compartimentada - Bivolt,7909569002193,fogoes,970.9355115890503,1,1,1,1,6,0.6,1,6,0.12,1,1.0,0.0003762227238525207
31,Notebook Acer A315 Intel Celeron N4000 Memoria 4gb Ssd 240GBTela 15.6' Hd Windows 10 Home,4710180696752,notebooks,970.9355115890503,1,1,1,1,1,0.1,1,1,0.02,1,1.0,0.0003762227238525207
32,Fogao Itatiaia Vitrum Digital 5b Preto Bivolt,7892946336632,fogoes,970.9355115890503,1,1,1,1,4,0.4,1,19,0.38,1,1.0,0.0003762227238525207
33,Fogao A Gas Gemini 2 Q Vetro Amarelo Gás Glp,7898456266261,fogoes,970.9355115890503,1,1,1,1,5,0.5,1,8,0.16,1,1.0,0.0003762227238525207
34,Smart TV Samsung Crystal uhd 4K 55AU9000 Design Slim Som em Movimento Virtual Visual Sem Cabos 55,7892509117463,tvs,970.9355115890503,1,1,1,1,1,0.1,1,1,0.02,1,1.0,0.0003762227238525207
35,Smartphone Samsung Galaxy A22 128GB 4G 6.4 Quad Câm 48 + 8 + 2 + 2MP Verde,7892509119672,celulares,970.9355115890503,0,0,0,1,1,0.1,1,1,0.02,2,0.5,0.0007524454477050414
36,Geladeira Brastemp 400L Frost Free com Painel Touch BRM54HBANA Branca,7891129252837,geladeiras,970.9355115890503,1,1,1,1,6,0.6,1,6,0.12,1,1.0,0.0003762227238525207
37,Fogão Gás Itatiaia Waves 5 Bocas Acendimento Automático Bivolt Preto,7892946327395,fogoes,970.9355115890503,1,1,1,1,4,0.4,1,4,0.08,1,1.0,0.0003762227238525207
39,Tela 24 Polegadas HD Multilaser - TL037,7908414412880,tvs,970.9355115890503,1,1,1,1,2,0.2,1,2,0.04,1,1.0,0.0003762227238525207
40,Fogão 5 Bocas Moderatto Mueller Preto Fosco,7908156900812,fogoes,970.9355115890503,1,1,1,1,3,0.3,1,8,0.16,1,1.0,0.0003762227238525207
41,Geladeira/Refrigerador Consul 386 Litros 2 Portas Frost Free Classe A CRM43,7891129246720,geladeiras,970.9355115890503,1,1,1,1,5,0.5,1,5,0.1,1,1.0,0.0003762227238525207
42,"Notebook Samsung Book Intel Dual-Core, Windows 10 Home 500GB, 4GB ram, Tela 15.6 Full HD LED Branco",7892509117159,notebooks,970.9355115890503,1,1,1,1,5,0.5,1,5,0.1,1,1.0,0.0003762227238525207
43,"Smartphone Motorola Moto E6 Play 32GB Dual Chip Android 9 Tela 5.5"" MT6739 4G Câmera 13MP - Cinza Metálico",7892597349111,celulares,970.9355115890503,0,0,0,1,1,0.1,1,1,0.02,2,0.5,0.0007524454477050414
45,Fogao Dako 5B Turbo Glass Preto DP5VTP PF0,7897180503031,fogoes,970.9355115890503,1,1,1,1,6,0.6,1,6,0.12,1,1.0,0.0003762227238525207
46,"Samsung Galaxy Note 10+ Além disso 256GB com S Pen Aura azul (desbloqueado de fábrica para GSM e CDMA, 6,8 polegadas Display, versão EUA) SM-N975UZBAXAA",887276372457,celulares,970.9355115890503,1,1,1,1,1,0.1,1,1,0.02,1,1.0,0.0003762227238525207
48,Frigobar Retrô Midea Preto Onix 95 Litros 127V,7908198003045,geladeiras,970.9355115890503,1,1,1,1,1,0.1,1,1,0.02,1,1.0,0.0003762227238525207
50,Fogão Elétrico de Mesa Um Prato 1500w - Cinza - Agratto 110V,7800554920112,fogoes,970.9355115890503,1,1,1,1,1,0.1,1,1,0.02,1,1.0,0.0003762227238525207
51,TV Led LH65BEAHV 65 Smart Ultra Hd 4k Crystal 3HDMI 1USB Samsung,7892509118156,tvs,970.9355115890503,0,0,0,1,4,0.4,1,5,0.1,2,0.5,0.0007524454477050414
52,Notebook Gamer 82CGS00100 Core i5 8GB 256GB ssd GeForce gtx 1650 4GB Tela 15.6 Linux 3i-15IMH 10300H Lenovo,195892009962,notebooks,970.9355115890503,1,1,1,1,8,0.8,1,11,0.22,1,1.0,0.0003762227238525207
53,Fogão Itatiaia Itaglass 4 Bocas - Preto,7892946398098,fogoes,970.9355115890503,1,1,1,1,9,0.9,1,12,0.24,1,1.0,0.0003762227238525207
54,Smartphone LG K8+ 16GB Dual Chip Tela 5' Câmera Principal 8MP Frontal 5MP Android 7.0 Preto,7893299912771,celulares,970.9355115890503,1,1,1,1,1,0.1,1,1,0.02,1,1.0,0.0003762227238525207
55,Smartphone Motorola Moto G9 Power 128GB 4G Wi-Fi Tela 6.8'' Dual Chip 4GB ram Câmera Tripla + Selfie 16MP - Purple - Exposição,7892597350254,celulares,970.9355115890503,0,0,0,1,1,0.1,1,1,0.02,3,0.3333333333333333,0.001128668171557562
57,Smart TV LED 32 HD Multilaser TL020 Conversor Digital Externo 3 hdmi 2 USB Wi-Fi,7899838894744,tvs,970.9355115890503,1,1,1,1,5,0.5,1,5,0.1,1,1.0,0.0003762227238525207
58,Smartphone Celular 32Gb Multilaser E Lite 2 Preto - P9146,7908414420199,celulares,970.9355115890503,1,1,1,1,3,0.3,1,4,0.08,1,1.0,0.0003762227238525207
59,Fogão Vitrum Itatiaia 4 Bocas Inox Mesa de Vidro Bivolt,7892946336649,fogoes,970.9355115890503,1,1,1,1,1,0.1,1,1,0.02,1,1.0,0.0003762227238525207
60,Fogão Esmaltec Esmeralda Glass Gourmet 4 Bocas Preto com Timer Digital e Grill Elétrico,7899081742717,fogoes,970.9355115890503,1,1,1,1,1,0.1,1,1,0.02,1,1.0,0.0003762227238525207
61,"Notebook Vaio FE14 VJFE42F11X-B1521H Intel Core i3-10110U 4GB 128GB SSD FHD Linux 14"" Chumbo Escuro",7896904697506,notebooks,970.9355115890503,1,1,1,1,1,0.1,1,1,0.02,1,1.0,0.0003762227238525207
62,Smartphone Multilaser E Pro 4G 32GB Wi-Fi 5.0 pol. Dual Chip 1GB RAM Câmera 5MP + 5MP Android 11 (Go edition) Quad Core - Dourado – P9151,7908414420243,celulares,970.9355115890503,1,1,1,1,4,0.4,1,5,0.1,1,1.0,0.0003762227238525207
63,"Smart Tv 85"" Crystal UHD Samsung 4k 85AU8000 Painel Dynamic Crystal Color Design Slim Tela Sem Limites",7892509117531,tvs,970.9355115890503,1,1,1,1,3,0.3,1,3,0.06,1,1.0,0.0003762227238525207
66,"Lenovo Notebook IdeaPad 3 17ITL06 82H900EDUS 17,3"" - HD+ - 1600 x 900 - Intel Core i3 11ª geração i3-1115G4 Dual-core (2 núcleos) 3 GHz - 8 GB RAM - SSD de 256 GB - Cinza Ártico - Intel Chip - Windows 11 H",196118135144,notebooks,970.9355115890503,1,1,1,1,1,0.1,1,1,0.02,1,1.0,0.0003762227238525207
67,Smartphone Twist S514 64GB 1GB ram Dual Chip Tela 5.5 Positivo,7896904686272,celulares,970.9355115890503,1,1,1,1,8,0.8,1,9,0.18,1,1.0,0.0003762227238525207
68,"Smart TV Samsung 50 led, Crystal Ultra HD 4K, Wi-Fi, USB - LH50BEAHVGGXZD",7892509118132,tvs,970.9355115890503,0,0,0,0,0,0.0,1,1,0.02,11,0.09090909090909091,0.004138449962377728
70,Fogão Atlas Mônaco Plus 4 Bocas com Acendimento Automático Branco,7897180505301,fogoes,970.9355115890503,1,1,1,1,4,0.4,1,11,0.22,1,1.0,0.0003762227238525207
71,"Smart TV LED 32"" HD LG 32LM621CBSB.A, 3 HDMI, 2 USB, Bluetooth, Wi-Fi, Active HDR, ThinQ AI",7893299912252,tvs,970.9355115890503,1,1,1,1,2,0.2,1,3,0.06,1,1.0,0.0003762227238525207
72,Fogão de pressão elétrica 2.5L Cozinha doméstica Cozinha de arroz elétrica Trabalho de fogão lento com Mihome App Fogões de arroz,8463406879403,fogoes,970.9355115890503,1,1,1,1,1,0.1,1,1,0.02,1,1.0,0.0003762227238525207
73,"Smartphone Positivo Twist 3: 32GB 5,5'' HD+ IPS 8MP Android Oreo Go - Preto. Acompanha película e capa de proteção",7896904651782,celulares,970.9355115890503,1,1,1,1,1,0.1,1,1,0.02,1,1.0,0.0003762227238525207
74,Fogão 5 Bocas com Acendimento Automático Dako Supreme Bivolt,7897180504267,fogoes,970.9355115890503,1,1,1,1,3,0.3,1,15,0.3,1,1.0,0.0003762227238525207
75,Fogão Atlas 5Bocas New Fastcook,7897180507619,fogoes,970.9355115890503,1,1,1,1,4,0.4,1,4,0.08,1,1.0,0.0003762227238525207
78,Geladeira Continental TC56 Frost Free 472L,7909569003022,geladeiras,970.9355115890503,1,1,1,1,8,0.8,1,9,0.18,1,1.0,0.0003762227238525207
79,Notebook ASUS E510MA-BR295R Preto,7898573297759,notebooks,970.9355115890503,1,1,1,1,2,0.2,1,2,0.04,1,1.0,0.0003762227238525207
81,Fogão De Piso Atlas 5 Bocas Monaco Plus Branco Bvolt,7897180505349,fogoes,970.9355115890503,1,1,1,1,3,0.3,1,7,0.14,1,1.0,0.0003762227238525207
84,Fogão 4B Esmaltec Agata Glass Mesa Vidro - 0104002094,7899081743219,fogoes,970.9355115890503,1,1,1,1,6,0.6,1,10,0.2,1,1.0,0.0003762227238525207
85,"Samsung Smart TV 65"" QLED 4K The Frame 2021 65LS03A Design Slim Suporte de Parede Slim Incluso Única Conexão",7892509117418,tvs,970.9355115890503,1,1,1,1,4,0.4,1,4,0.08,1,1.0,0.0003762227238525207
87,Fogão de Piso 5 Bocas Electrolux 76LBU Branco Bivolt,7909569000267,fogoes,970.9355115890503,1,1,1,1,9,0.9,1,11,0.22,1,1.0,0.0003762227238525207
88,Fogão Portátil Venax Mini Cook 2 Bocas Com Forno A Gás GLP Vermelho,7899552116054,fogoes,970.9355115890503,1,1,1,1,3,0.3,1,3,0.06,1,1.0,0.0003762227238525207
90,Smartphone E 3G 32GB dual multilaser,7899838889221,celulares,970.9355115890503,1,1,1,1,6,0.6,1,6,0.12,1,1.0,0.0003762227238525207
93,Smart TV LG LED 75 Polegadas 4K uhd hdr Wi-Fi WebOS 6.0 Comando de Voz 75UP8050PSB,7893299915765,tvs,970.9355115890503,1,1,1,1,3,0.3,1,3,0.06,1,1.0,0.0003762227238525207
95,Fogão de Piso Dako Supreme Glass 5 Bocas a Gas Acendimento Automático Branco Bivolt,7897180504311,fogoes,970.9355115890503,0,0,0,1,2,0.2,1,2,0.04,3,0.3333333333333333,0.001128668171557562
97,Fogão De Piso Com Acendimento Manual Star Clean 4 Bocas Itatiaia Preto,7892946330067,fogoes,970.9355115890503,1,1,1,1,3,0.3,1,4,0.08,1,1.0,0.0003762227238525207
98,Refrigerador Brastemp 375l 2 Portas Evox Frost Free 127V,7891129252721,geladeiras,970.9355115890503,1,1,1,1,3,0.3,1,3,0.06,1,1.0,0.0003762227238525207
99,Notebook ASUS X571GT-AL888T INTEL CORE I5 9300H / NVIDIA GeForce GTX1650 / 16 GB / 256 GB SSD / Windows 10 Home / Black,7898573297438,notebooks,970.9355115890503,0,0,0,1,1,0.1,1,1,0.02,2,0.5,0.0007524454477050414
100,Fogão De Piso Itatiaia Vitrum Multigás 5 Queimadores 110v/220v Porta Com Visor 100L,7892946336120,fogoes,970.9355115890503,0,0,0,1,1,0.1,1,11,0.22,5,0.2,0.0018811136192626034
101,"Notebook Lenovo Ultrafino ideapad S145 i7-1065G7, 8GB 256GB SSD Placa de Vídeo Intel® Iris Plus Windows 10 15.6"" Full HD, Prata",194632910810,notebooks,970.9355115890503,1,1,1,1,1,0.1,1,1,0.02,1,1.0,0.0003762227238525207
102,Geladeira/Refrigerador Samsung French Door RF22R7351SR Inox Look 501L Smart (Wi-Fi) com FlexZone,8806090389719,geladeiras,970.9355115890503,0,0,0,1,2,0.2,1,2,0.04,3,0.3333333333333333,0.001128668171557562
103,Geladeira Electrolux Top Freezer 382L Branco (TF42),7896584080032,geladeiras,970.9355115890503,1,1,1,1,3,0.3,1,3,0.06,1,1.0,0.0003762227238525207
105,Fogão 5 Bocas Fratello Branco com Queimador Ultra Chama,7908156900942,fogoes,970.9355115890503,1,1,1,1,3,0.3,1,4,0.08,1,1.0,0.0003762227238525207
109,"Fogao A Gas Gaudi Vetro Vitreo 4 Q Branco 220 V Natural = Gás De Rua, Fornecido Por Concessionária - Venax",7899552141544,fogoes,970.9355115890503,1,1,1,1,1,0.1,1,3,0.06,1,1.0,0.0003762227238525207
111,"Forno Elétrico, Convection Cook, 18L, Vermelho, 110v, Oster",34264474871,fogoes,970.9355115890503,1,1,1,1,1,0.1,1,1,0.02,1,1.0,0.0003762227238525207
112,Fogão 2 Bocas A Gás Pms-200 Progás Baixa Pressão,7898466541891,fogoes,970.9355115890503,1,1,1,1,6,0.6,1,6,0.12,1,1.0,0.0003762227238525207
115,"MSI Laptop diário fino e leve 15A moderno: 15,6"" FHD 1080p, Intel Core i7-1195G7, Intel Iris Xe, 8GB, SSD 512GB, Win10, cinza carbono (A11MU-653)",824142263136,notebooks,970.9355115890503,1,1,1,1,1,0.1,1,1,0.02,1,1.0,0.0003762227238525207
116,"Notebook asus VivoBook X513EA-EJ3010 Intel Core i7 1165G7 8GB 256GB ssd Linux 15,6 LED Preto",7898573298404,notebooks,970.9355115890503,1,1,1,1,2,0.2,1,2,0.04,1,1.0,0.0003762227238525207
117,Fogão Itatiaia Essencial 5 Bocas Mesa de Vidro,7892946411759,fogoes,970.9355115890503,0,0,0,1,4,0.4,1,4,0.08,2,0.5,0.0007524454477050414
118,"MacBook Pro Apple 13,3"" Intel Core i5 (16GB 1TB) Prateado",190199520172,notebooks,970.9355115890503,1,1,1,1,1,0.1,1,1,0.02,1,1.0,0.0003762227238525207
123,Geladeira/Refrigerador Electrolux Duplex IF55S Frost Free Inverter Top Freezer 431L Platinum - 110v,7896584098037,geladeiras,970.9355115890503,1,1,1,1,2,0.2,1,2,0.04,1,1.0,0.0003762227238525207
125,Fogão 4 bocas Turbo Glass Mesa de vidro Preto Dako Bivolt,7897180503024,fogoes,970.9355115890503,1,1,1,1,1,0.1,1,1,0.02,1,1.0,0.0003762227238525207
127,Smart TV Roku Led 50 Philco uhd 4K Bivolt Netflix,7891356090912,tvs,970.9355115890503,1,1,1,1,10,1.0,1,14,0.28,1,1.0,0.0003762227238525207
128,Notebook lenovo cel IDEAPAD3 4GB 128GB ssd 82BU 15IGL,196378008295,notebooks,970.9355115890503,1,1,1,1,5,0.5,1,5,0.1,1,1.0,0.0003762227238525207
129,Smart TV Samsung Neo qled 4K 55QN90A Design slim Mini Led Processador ia Som em Movimento Plus 55,7892509117517,tvs,970.9355115890503,1,1,1,1,3,0.3,1,3,0.06,1,1.0,0.0003762227238525207
130,Geladeira Panasonic Frost Free 425L NR-BB53GV3B Black Glass - 110v,7896067226643,geladeiras,970.9355115890503,0,0,0,1,1,0.1,1,1,0.02,2,0.5,0.0007524454477050414
133,"Notebook Acer A315-56-569F, Intel Core i5, 4GB 256GB, 15.6, Endless Os, Grafite",4710886059059,notebooks,970.9355115890503,1,1,1,1,4,0.4,1,8,0.16,1,1.0,0.0003762227238525207
134,"Semp, Roku TV LED 32” SEMP R5500 HD",7899968301143,tvs,970.9355115890503,1,1,1,1,5,0.5,1,5,0.1,1,1.0,0.0003762227238525207
136,Fogao 1 Boca Alta Pressao Pe Alto Kit Instalaçao Completo,7898947808055,fogoes,970.9355115890503,1,1,1,1,1,0.1,1,1,0.02,1,1.0,0.0003762227238525207
140,Fogão Dako Magister 5 Bocas Com Acendimento Automático Preto,7897180505448,fogoes,970.9355115890503,1,1,1,1,10,1.0,1,12,0.24,1,1.0,0.0003762227238525207
142,Smart TV 4K qled 55 tcl C715 Android Wi-Fi Bluetooth hdr 3 hdmi 2 USB,7899968301013,tvs,970.9355115890503,1,1,1,1,4,0.4,1,4,0.08,1,1.0,0.0003762227238525207
143,Fogão 5 Bocas New Top Glass Preto,7898385061272,fogoes,970.9355115890503,1,1,1,1,2,0.2,1,2,0.04,1,1.0,0.0003762227238525207
144,Fogão 5 Bocas Itatiaia Star Branco Bivolt,7892946404805,fogoes,970.9355115890503,1,1,1,1,4,0.4,1,4,0.08,1,1.0,0.0003762227238525207
145,Smartphone Motorola Moto E20 32GB 4G Wi-Fi Tela 6.5'' Dual Chip 2GB RAM Câmera Dupla + Selfie 5MP - Cinza,7892597351404,celulares,970.9355115890503,0,0,0,1,1,0.1,1,1,0.02,2,0.5,0.0007524454477050414
147,Fogão Consul Piso 5 Bocas Titanium Mesa de Vidro Bivolt CFS5VAT,7891129246645,fogoes,970.9355115890503,1,1,1,1,1,0.1,1,1,0.02,1,1.0,0.0003762227238525207
149,Notebook VAIO® FE15 Intel® Core™ i7 Windows 11 Home 8GB 256GB Full HD Cinza Escuro - Inclui Microsoft 365* IO® FE15 Intel® Core™ i7 Windows 11 Home 8GB 256GB Full HD Cinza Escuro,7896904698800,notebooks,970.9355115890503,0,0,0,1,1,0.1,1,1,0.02,2,0.5,0.0007524454477050414
150,Fogão Atlas New Utop Mesa Inox 4 Bocas Branco/Preto Bivolt 300001217,7897180507978,fogoes,970.9355115890503,1,1,1,1,3,0.3,1,3,0.06,1,1.0,0.0003762227238525207
151,Fogão elétrico do agregado familiar do potenciômetro quente do potenciômetro multifuncional,8202231496887,fogoes,970.9355115890503,1,1,1,1,1,0.1,1,1,0.02,1,1.0,0.0003762227238525207
152,"Smartphone TecToy On 128GB Azul 4GB ram Tela 6,22 - Câm. Tripla + Selfie 8MP + Fone Bluetooth",7891196800016,celulares,970.9355115890503,1,1,1,1,2,0.2,1,2,0.04,1,1.0,0.0003762227238525207
158,Fogão De Piso Gás 4 Bocas Bivolt Preto Fosco Gás Glp Bivolt,7899552140455,fogoes,970.9355115890503,1,1,1,1,4,0.4,1,4,0.08,1,1.0,0.0003762227238525207
159,"Smartphone Samsung Galaxy S22 Ultra 256GB 5G com caneta S pen - Branco, Câmera Tripla 108MP + Selfie 40MP, ram 8GB, Tela 6.8",7892509122177,celulares,970.9355115890503,0,0,0,1,1,0.1,1,1,0.02,4,0.25,0.0015048908954100827
161,Fogão de Piso Itatiaia 5 Bocas Itaglass com Vidro Temperado,7892946398128,fogoes,970.9355115890503,1,1,1,1,3,0.3,1,8,0.16,1,1.0,0.0003762227238525207
163,Smartphone Samsung Galaxy A32 128GB 4G Wi-Fi Tela 6.4'' Dual Chip 4GB RAM Câmera Quádrupla + Selfie 20MP - Violeta,7892509118439,celulares,970.9355115890503,1,1,1,1,2,0.2,1,2,0.04,1,1.0,0.0003762227238525207
165,Notebook Acer Aspire 5 A514 Intel Core I5 1035G1 Memória 8gb Hd 1tb Ssd 256gb Tela 14'' HD Windows 10 Home,4710886520726,notebooks,970.9355115890503,1,1,1,1,5,0.5,1,7,0.14,1,1.0,0.0003762227238525207
167,Tv Digital Full Hd E Espelhamento Fiat Toro 2021 Faaftech F,7892460000163,tvs,970.9355115890503,1,1,1,1,1,0.1,1,1,0.02,1,1.0,0.0003762227238525207
169,Fogão à Gás 5 Bocas Verita Gourmet Clarice Preto Bivolt,7898342108996,fogoes,970.9355115890503,1,1,1,1,1,0.1,1,1,0.02,1,1.0,0.0003762227238525207
170,Geladeira Brastemp Frost Free Inverse 2 Portas 573L Evox BRE80AK,7891129236707,geladeiras,970.9355115890503,1,1,1,1,8,0.8,1,8,0.16,1,1.0,0.0003762227238525207
171,"Smartphone Rugged, Doogee S58 Pro (2020) Android 10, 6GB + 64GB, 16MP + 16MP Câmeras Triplas, 5180mAh Bateria, 5,71 polegadas HD +, IP68 à Prova D 'Água, 4G Dual Sim, nfc / gps, Verde",8321820267193,celulares,970.9355115890503,1,1,1,1,1,0.1,1,1,0.02,1,1.0,0.0003762227238525207
172,Notebook Acer Aspire 3 A315-56-330J Ci3 4GB 256GB SSD 15.6 Windows 10,4710886170556,notebooks,970.9355115890503,1,1,1,1,3,0.3,1,3,0.06,1,1.0,0.0003762227238525207
173,Frigobar Venax NGV 10 - 82 Litros - Branco 220V,7899552101357,geladeiras,970.9355115890503,0,0,0,1,1,0.1,1,1,0.02,3,0.3333333333333333,0.001128668171557562
176,Fogão de Piso Mesa de Vidro Front Control 5 Queimadores Branco Bivolt Suggar Branco Cestaplus,7890170734149,fogoes,970.9355115890503,1,1,1,1,1,0.1,1,1,0.02,1,1.0,0.0003762227238525207
177,Fogão 4 Bocas Glass Top Plus com Mesa de Vidro Inox Bivolt,7898385060282,fogoes,970.9355115890503,1,1,1,1,1,0.1,1,1,0.02,1,1.0,0.0003762227238525207
179,Smartphone Samsung Galaxy A23 4G 128GB 6.6 Quad Câm 48 + 5 + 2 + 2MP Preto,7892509123273,celulares,970.9355115890503,0,0,0,1,1,0.1,1,1,0.02,4,0.25,0.0015048908954100827
180,Smartphone Multilaser 32Gb E Pro Preto 1 Ram - P9150,7908414420236,celulares,970.9355115890503,0,0,0,1,6,0.6,1,7,0.14,2,0.5,0.0007524454477050414
182,Fogão Elétrico Marchesoni 2 Bocas Fg.1.202 220V,7891989672707,fogoes,970.9355115890503,1,1,1,1,1,0.1,1,1,0.02,1,1.0,0.0003762227238525207
186,Fogao A Gas Gemini 2 Q Vetro Vermelho Gás Glp,7898456266117,fogoes,970.9355115890503,1,1,1,1,1,0.1,1,1,0.02,1,1.0,0.0003762227238525207
187,Fogão 4 Bocas Dako Diplomata Mesa de Vidro,7897180508302,fogoes,970.9355115890503,1,1,1,1,4,0.4,1,4,0.08,1,1.0,0.0003762227238525207
189,Smart TV LED 65” LG 65NANO80 4K NanoCell 4x Hdmi 2.0 Inteligência Artificial ThinQAI Smart Magic Google Alexa,7893299915802,tvs,970.9355115890503,1,1,1,1,1,0.1,1,1,0.02,1,1.0,0.0003762227238525207
193,Smart TV LED 55” LG 55NANO80 4K NanoCell 4x Hdmi 2.0 Inteligência Artificial Thinqai Smart Magic Google Alexa,7893299915772,tvs,970.9355115890503,0,0,0,1,3,0.3,1,4,0.08,3,0.3333333333333333,0.001128668171557562
194,Smart TV LG 55 LED 4K Wi-Fi Bluetooth hdr Thinq ai Google Assis. Alexa - 55UP751C0SF. BWZ,7893299916908,tvs,970.9355115890503,1,1,1,1,4,0.4,1,5,0.1,1,1.0,0.0003762227238525207
195,Fogão 5 Bocas Mesa de Inox Forno Easy Cean Plus Preto Bivolt,7898385061548,fogoes,970.9355115890503,1,1,1,1,2,0.2,1,2,0.04,1,1.0,0.0003762227238525207
196,Smartphone Samsung Galaxy A23 4G 128GB 6.6 Quad Câm 48 + 5 + 2 + 2MP Azul,7892509123266,celulares,970.9355115890503,0,0,0,1,1,0.1,1,1,0.02,3,0.3333333333333333,0.001128668171557562
197,"Smartphone Zenfone Asus Max Shot M2 ZB634KL-4J009BR 64GB Dual Chip Android Oreo Tela 6,2” Qualcomm QSP SIP1 4G Câmera tripla 12MP+5MP+8MP -  Prata",7898573296332,celulares,970.9355115890503,1,1,1,1,1,0.1,1,1,0.02,1,1.0,0.0003762227238525207
198,Geladeira Consul Frost Free Duplex CRM50 410L Espaço Flex Inox com Controle Interno de Temperatura - 110v,7891129506022,geladeiras,970.9355115890503,1,1,1,1,2,0.2,1,2,0.04,1,1.0,0.0003762227238525207
200,Smartphone Multilaser G Max 2 Dourado 64GB 2GB 8MP Android 11,7908414420304,celulares,970.9355115890503,1,1,1,1,7,0.7,1,7,0.14,1,1.0,0.0003762227238525207
203,Fogão Braslar Plus 4 Bocas Total Branco Bivolt,7898385060855,fogoes,970.9355115890503,1,1,1,1,2,0.2,1,4,0.08,1,1.0,0.0003762227238525207
204,Fogao Mueller Piacere Vetro 4 Bcs G6 60123005,7908156901697,fogoes,970.9355115890503,1,1,1,1,4,0.4,1,7,0.14,1,1.0,0.0003762227238525207
205,Fogão Mônaco 4 Bocas Automático Mesa de Inox Atlas,7897180505318,fogoes,970.9355115890503,1,1,1,1,4,0.4,1,19,0.38,1,1.0,0.0003762227238525207
206,Fogao A Gas Gemini 2 Q Vetro Preto Fosco Gás Glp,7898456264670,fogoes,970.9355115890503,1,1,1,1,2,0.2,1,6,0.12,1,1.0,0.0003762227238525207
207,TV 43 smart google philco,7891356090561,tvs,970.9355115890503,1,1,1,1,1,0.1,1,1,0.02,1,1.0,0.0003762227238525207
209,"Notebook Asus Intel Core i5-1035G1 8GB 256GB SSD W10 15,6'' Cinza X515JA-EJ592T",7898573297742,notebooks,970.9355115890503,1,1,1,1,1,0.1,1,1,0.02,1,1.0,0.0003762227238525207
210,Geladeira Frost Free DB84 Electrolux 598 Litros Duplex Branco 110V,7896584073553,geladeiras,970.9355115890503,0,0,0,1,1,0.1,1,1,0.02,3,0.3333333333333333,0.001128668171557562
212,Geladeira Duplex Inverter Frost Free com 425 Litros BB53 Panasonic,7896067226650,geladeiras,970.9355115890503,0,0,0,1,1,0.1,1,1,0.02,3,0.3333333333333333,0.001128668171557562
215,"Fogão de Piso Itatiaia Itaglass 5 Bocas, Acendedor Automático, Preto, Bivolt",7892946398111,fogoes,970.9355115890503,1,1,1,1,5,0.5,1,5,0.1,1,1.0,0.0003762227238525207
216,"Smartphone asus Zenfone 8 Qualcomm Snapdragon 888 8GB 256GB Camera Frontal 12MP Traseira Dual 64MP + 12MP Tela 5,92 Amoled Android 11 Prata",7898573297940,celulares,970.9355115890503,1,1,1,1,1,0.1,1,1,0.02,1,1.0,0.0003762227238525207
219,Fogão Waves 6 Bocas - Preto,7892946330098,fogoes,970.9355115890503,1,1,1,1,4,0.4,1,4,0.08,1,1.0,0.0003762227238525207
220,"Smartphone Samsung Galaxy M32 128GB 4G Wi-Fi Tela 6,4'' Dual Chip 6GB RAM Câmera Quadrupla + Selfie 20MP - Azul",7892509119818,celulares,970.9355115890503,1,1,1,1,1,0.1,1,1,0.02,1,1.0,0.0003762227238525207
223,Notebook Gamer ROG Zephyrus Duo 15 GX550LXS-HF157T INTEL CORE I7 10875H / 16 GB / 512 GB SSD / Windows 10 Home / Cinza,4718017888189,notebooks,970.9355115890503,0,0,0,1,1,0.1,1,1,0.02,6,0.16666666666666666,0.002257336343115124
224,Geladeira Brastemp Frost Free 462 litros - BRM56 Branco - 110V,7891129250086,geladeiras,970.9355115890503,0,0,0,1,1,0.1,1,1,0.02,5,0.2,0.0018811136192626034
225,Notebook Samsung Book I5 8GB 256GB SSD 15.6 Windows 11H Cinza Chumbo,7892509120784,notebooks,970.9355115890503,1,1,1,1,1,0.1,1,1,0.02,1,1.0,0.0003762227238525207
227,COIFA DE PAREDE Fogatti VIDRO RETO DUTO SLIM 90CM 127V INOX,7898268764771,fogoes,970.9355115890503,1,1,1,1,1,0.1,1,1,0.02,1,1.0,0.0003762227238525207
228,"Smartphone Samsung Galaxy S20 fe, 6,5, 128GB, Android, Verde",7892509119061,celulares,970.9355115890503,0,0,0,1,1,0.1,1,1,0.02,3,0.3333333333333333,0.001128668171557562
230,Fogão 4 Bocas Mesa de Inox Sírius Plus com Acendimento Automático Braslar - Branco,7898385060459,fogoes,970.9355115890503,1,1,1,1,2,0.2,1,2,0.04,1,1.0,0.0003762227238525207
232,Smartphone Motorola Moto G22 128GB 4GB RAM Preto,7892597352029,celulares,970.9355115890503,0,0,0,1,1,0.1,1,1,0.02,4,0.25,0.0015048908954100827
235,"Notebook Positivo Motion Gold Q4128c-S Intel® Atom® Quad Core Windows 10 Home 14,1' Dourado",7896904693744,notebooks,970.9355115890503,1,1,1,1,3,0.3,1,3,0.06,1,1.0,0.0003762227238525207
238,Smartphone Nokia C01 32Gb 4G Tela 5.45 Dual Chip 5.0Mp,7908414422377,celulares,970.9355115890503,1,1,1,1,3,0.3,1,5,0.1,1,1.0,0.0003762227238525207
249,"Smartphone Moto Edge+ Thunder Grey 6,7"" 5G 256GB - XT2061-3",7892597349692,celulares,970.9355115890503,1,1,1,1,1,0.1,1,1,0.02,1,1.0,0.0003762227238525207
251,Fogao A gas gemini 2 Q vetro azul gas glp,7898456266612,fogoes,970.9355115890503,1,1,1,1,4,0.4,1,8,0.16,1,1.0,0.0003762227238525207
255,Smartphone Nokia C20 32Gb Dual Chip 5.0Mp Dourado Nk039,7908414422353,celulares,970.9355115890503,1,1,1,1,1,0.1,1,1,0.02,1,1.0,0.0003762227238525207
257,Fogão Brastemp 4 bocas cor Inox com botões removíveis e vidro panorâmico - BFO4NAR BIVOLT,7891129233621,fogoes,970.9355115890503,1,1,1,1,3,0.3,1,3,0.06,1,1.0,0.0003762227238525207
258,Refrigerador Panasonic BT41 2 Portas Frost Free 387 Litros Aço Escovado 127V NR-BT41PD1XA,7896067227749,geladeiras,970.9355115890503,1,1,1,1,1,0.1,1,1,0.02,1,1.0,0.0003762227238525207
259,"Smart TV Samsung Led 55'' uhd, 4K, Alexa Built in, Wi-Fi, usb, hdmi - UN55AU7700GX Smart TV Samsung",7892509117913,tvs,970.9355115890503,0,0,0,0,0,0.0,1,1,0.02,18,0.05555555555555555,0.006772009029345372
261,Fogao 4B Esmaltec Agata Glass Mesa Vidro - 0104002092,7899081743202,fogoes,970.9355115890503,1,1,1,1,3,0.3,1,4,0.08,1,1.0,0.0003762227238525207
264,Fogão Atlas Monaco Top Glass 4Bocas,7897180505134,fogoes,970.9355115890503,1,1,1,1,5,0.5,1,7,0.14,1,1.0,0.0003762227238525207
265,Fogao A gas picasso vitreo 6 Q preto fosco gás glp,7899552142503,fogoes,970.9355115890503,0,0,0,1,1,0.1,1,1,0.02,5,0.2,0.0018811136192626034
266,Refrigerador / Geladeira Continental Frost Free 2 Portas 370 Litros - TC41,7909569003091,geladeiras,970.9355115890503,1,1,1,1,7,0.7,1,7,0.14,1,1.0,0.0003762227238525207
267,Fogão 5 Bocas à Gás Dako Supreme Timer Glass Acendimento Automático Mesa de Vidro Titanium Bivolt,7897180505271,fogoes,970.9355115890503,1,1,1,1,4,0.4,1,5,0.1,1,1.0,0.0003762227238525207
269,Fogão 5 Bocas Mueller Fratello Acendimento Automático,7908156900898,fogoes,970.9355115890503,1,1,1,1,2,0.2,1,2,0.04,1,1.0,0.0003762227238525207
270,"Smart Tv Led 32'' Panasonic Hd, Wi-fi, Usb, Hdmi, 60hz",7896067213285,tvs,970.9355115890503,1,1,1,1,7,0.7,1,7,0.14,1,1.0,0.0003762227238525207
276,Frigobar Midea Compact 124 Litros Black Edition,7898626573854,geladeiras,970.9355115890503,1,1,1,1,6,0.6,1,6,0.12,1,1.0,0.0003762227238525207
278,Notebook Positivo C4128ei Celeron N3350 4gb Ddr4 Ssd 128gb Tela 14 Hd Led Windows 10 Pro,7896904603378,notebooks,970.9355115890503,1,1,1,1,4,0.4,1,4,0.08,1,1.0,0.0003762227238525207
279,Smartphone tcl L5 16GB câm. 8MP 1GB ram quad-core preto,7898552004828,celulares,970.9355115890503,1,1,1,1,1,0.1,1,1,0.02,1,1.0,0.0003762227238525207
280,Refrigerador LG Side By Side New Lancaster GS65SDN Aço Escovado 601L 127V,6934585684475,geladeiras,970.9355115890503,0,0,0,1,3,0.3,1,3,0.06,3,0.3333333333333333,0.001128668171557562
283,Frigobar Consul 117L CRC12 - 110V,7891129224063,geladeiras,970.9355115890503,1,1,1,1,3,0.3,1,3,0.06,1,1.0,0.0003762227238525207
284,Refrigerador Samsung 432 Litros 2 Portas Frost Free Inverter RL4353RBASL,8806090580413,geladeiras,970.9355115890503,1,1,1,1,1,0.1,1,1,0.02,1,1.0,0.0003762227238525207
286,Fogão Atlas Agile Up Glass 5 Bocas Preto - Bivolt,7897180506322,fogoes,970.9355115890503,1,1,1,1,9,0.9,1,11,0.22,1,1.0,0.0003762227238525207
287,"Smart TV Samsung 65 qled 4K Q65B 2022 Design Air Slim, Processador Quantum Lite, Multitela",7892509122016,tvs,970.9355115890503,1,1,1,1,1,0.1,1,1,0.02,1,1.0,0.0003762227238525207
288,"Smartphone Samsung Galaxy M22 128GB 4G Wi-Fi Tela 6,4'' Dual Chip 4GB RAM Câmera Quádrupla + Selfie 13MP - Branco",7892509120340,celulares,970.9355115890503,1,1,1,1,1,0.1,1,1,0.02,1,1.0,0.0003762227238525207
289,"Smart TV 42"" Philco Roku LED Full HD - 42G52RCF com App Mobile 3 Hdmi 2 Usb Wifi Dolby Audio",7891356092329,tvs,970.9355115890503,1,1,1,1,1,0.1,1,1,0.02,1,1.0,0.0003762227238525207
290,Fogão a Gás Dako Diplomata 5 Bocas Preto - Bivolt,7897180508319,fogoes,970.9355115890503,1,1,1,1,10,1.0,1,17,0.34,1,1.0,0.0003762227238525207
293,"Notebook Gamer Acer AN515-44-R54Q, Ryzen 5 4600H, 8GB, M.2 ssd 512GB, Geforce gtx 1650 4GB, 15.6 fhd 144Hz, Win 10 Home",4710886591818,notebooks,970.9355115890503,0,0,0,1,1,0.1,1,1,0.02,2,0.5,0.0007524454477050414
295,Fogão A Gás 4 Bocas Itatiaia Itaglass Acendimento Automático Inox Bivolt,7892946398104,fogoes,970.9355115890503,1,1,1,1,2,0.2,1,2,0.04,1,1.0,0.0003762227238525207
296,Fogao 2B Clarice Indus. Imperador Plus Com Forno - 81010004. U,7898342100495,fogoes,970.9355115890503,1,1,1,1,1,0.1,1,1,0.02,1,1.0,0.0003762227238525207
297,"Lenovo Notebook robusto ThinkPad L15 Gen2 20X30071US 15,6"" - Full HD - 1920 x 1080 - Intel Core i5 (11ª geração) i5-1135G7 Quad-core (4 núcleos) 2,40 GHz - 8 GB RAM - 256 GB SSD - Preto - Intel SoC - Wi",195891597798,notebooks,970.9355115890503,1,1,1,1,1,0.1,1,1,0.02,1,1.0,0.0003762227238525207
298,"Samsung Smart TV 65"" Neo QLED 4K 65QN85A Mini Led Painel 120hz Processador IA Som em Movimento Tela sem limites Design slim Alexa built in",7892509116800,tvs,970.9355115890503,1,1,1,1,4,0.4,1,4,0.08,1,1.0,0.0003762227238525207
301,Fogão Mueller Fratello Vetro 5 Bocas Preto - Bivolt,7908156900379,fogoes,970.9355115890503,0,0,0,0,0,0.0,1,1,0.02,21,0.047619047619047616,0.007900677200902935
303,"Tela 43"" FHD com Função Smart e Wi-Fi Integrado - Multilaser, TL027",7898149189310,tvs,970.9355115890503,1,1,1,1,3,0.3,1,3,0.06,1,1.0,0.0003762227238525207
305,Fogão A Gás Glp Venax Gaudi Vetro Vitreo 5 Queimadores Verde,7899552142015,fogoes,970.9355115890503,1,1,1,1,1,0.1,1,1,0.02,1,1.0,0.0003762227238525207
309,Refrigerador Philco 434 Litros 2 Portas Side By Side PRF533I,7891356086885,geladeiras,970.9355115890503,1,1,1,1,4,0.4,1,4,0.08,1,1.0,0.0003762227238525207
310,Fogão Atlas 4 bocas preto com forno limpa fácil Coliseum Plus - Forno 50L,7897180505394,fogoes,970.9355115890503,1,1,1,1,7,0.7,1,7,0.14,1,1.0,0.0003762227238525207
314,Fogão 4 Bocas Fenix com Mesa de Vidro Acendimento Automático Glass,7898385060541,fogoes,970.9355115890503,1,1,1,1,2,0.2,1,2,0.04,1,1.0,0.0003762227238525207
315,Notebook Positivo Motion I 341TBi Intel Core i3 4GB ram HD 1TB Tela 14'' Linux - 3011873,7896904634457,notebooks,970.9355115890503,0,0,0,1,4,0.4,1,4,0.08,2,0.5,0.0007524454477050414
318,Notebook Motion C41TEi Celeron Linux 04GB 01TB - Positivo,7896904680683,notebooks,970.9355115890503,1,1,1,1,1,0.1,1,2,0.04,1,1.0,0.0003762227238525207
319,Fogão 4 Bocas Automático Bivolt Timer Digital Vitrum Itatiaia Preto,7892946336625,fogoes,970.9355115890503,1,1,1,1,4,0.4,1,7,0.14,1,1.0,0.0003762227238525207
321,Refrigerador ngv 10 amarelo 12/24 V,7899552144361,geladeiras,970.9355115890503,0,0,0,1,2,0.2,1,2,0.04,2,0.5,0.0007524454477050414
322,Smartphone Multilaser G Max 4G 32GB Tela 6.0 Pol. Octa Core Android 9.0 go Dourado - P9108,7899838865478,celulares,970.9355115890503,1,1,1,1,1,0.1,1,1,0.02,1,1.0,0.0003762227238525207
324,Android TV LED 32” TCL S615 HD HDR,7899968301082,tvs,970.9355115890503,1,1,1,1,2,0.2,1,2,0.04,1,1.0,0.0003762227238525207
325,Smart tv 55 qled 4k samsung qn55q80aagxzd dark titan,7892509117852,tvs,970.9355115890503,1,1,1,1,2,0.2,1,2,0.04,1,1.0,0.0003762227238525207
330,"Smart TV LG OLED 65"" 4K OLED65A1 Dolby Vision IQ Dolby Atmos Inteligência Artificial Thinqai Google Alexa",7893299916021,tvs,970.9355115890503,0,0,0,1,1,0.1,1,1,0.02,3,0.3333333333333333,0.001128668171557562
332,Notebook Samsung Core i5-1135G7 8GB 256GB ssd Tela Full HD 15.6 Windows 10 Book NP550XDA-KF2BR,7892509117128,notebooks,970.9355115890503,1,1,1,1,2,0.2,1,2,0.04,1,1.0,0.0003762227238525207
333,Fogão De Piso Ares 4 Bocas Mesa Inox Realce,7899639700091,fogoes,970.9355115890503,1,1,1,1,3,0.3,1,3,0.06,1,1.0,0.0003762227238525207
334,Fogão Itatiaia 5 Bocas Vitrum com Timer Digital Inox Bivolt,7892946336670,fogoes,970.9355115890503,1,1,1,1,6,0.6,1,6,0.12,1,1.0,0.0003762227238525207
335,Fogão à Gás 4 Bocas Cook Front Control Suggar Mesa Vidro Bivolt,7908312800291,fogoes,970.9355115890503,0,0,0,1,1,0.1,1,1,0.02,5,0.2,0.0018811136192626034
336,TV 39 Multilaser TL028 - HD - hdmi / USB,7908414405271,tvs,970.9355115890503,1,1,1,1,10,1.0,1,15,0.3,1,1.0,0.0003762227238525207
338,Forno Elétrico Fischer Infinity embutir 50L Preto 220V,7896513315266,fogoes,970.9355115890503,1,1,1,1,2,0.2,1,2,0.04,1,1.0,0.0003762227238525207
340,Smart TV 75'' 4K LG ips NanoCell ThinQ ai Google Assistente Alexa iot 4 hdmi 3 USB WiFi Bluetooth-75NANO90SNA,7893299913495,tvs,970.9355115890503,1,1,1,1,1,0.1,1,1,0.02,1,1.0,0.0003762227238525207
341,Fogão de Piso Itatiaia Waves 4 Bocas Acendimento Automático,7892946310397,fogoes,970.9355115890503,1,1,1,1,5,0.5,1,5,0.1,1,1.0,0.0003762227238525207
342,Fogão 4 Bocas Atlas New Utop Style Mesa De Inox Bivolt,7897180507992,fogoes,970.9355115890503,1,1,1,1,1,0.1,1,1,0.02,1,1.0,0.0003762227238525207
344,Fogão 4 Bocas Itatiaia Dream Inox Chama Rápida Bivolt,7892946310441,fogoes,970.9355115890503,1,1,1,1,2,0.2,1,2,0.04,1,1.0,0.0003762227238525207
346,"Smartphone Samsung Galaxy A10s, 6,2, 32 Gb, Câmera Dupla, Azul",7892509111874,celulares,970.9355115890503,0,0,0,1,1,0.1,1,1,0.02,2,0.5,0.0007524454477050414
349,"Smartphone Samsung Galaxy Z Flip3 5G, dobrável, 256GB, 8GB de ram, Tela de 6.7",7892509120470,celulares,970.9355115890503,0,0,0,1,1,0.1,1,1,0.02,7,0.14285714285714285,0.0026335590669676447
350,Geladeira Frost Free Electrolux 598 Litros Inverse Branca (DB84),7896584073560,geladeiras,970.9355115890503,1,1,1,1,1,0.1,1,1,0.02,1,1.0,0.0003762227238525207
353,Notebook Acer Aspire 3 Celeron W10 Home 4GB 256GB ssd 14 Polegadas A314-35-C4CZ,4710886653042,notebooks,970.9355115890503,1,1,1,1,1,0.1,1,1,0.02,1,1.0,0.0003762227238525207
354,Geladeira Consul Frost Free Duplex CRM50 410L Espaço Flex Branca com Controle Interno de Temperatura - 220v,7891129506015,geladeiras,970.9355115890503,0,0,0,1,1,0.1,1,1,0.02,4,0.25,0.0015048908954100827
355,Fogão 4 Bocas a Gás Esmaltec Esmeralda Glass 4087 Acendimento Automático Inox Bivolt,7899081743783,fogoes,970.9355115890503,1,1,1,1,3,0.3,1,3,0.06,1,1.0,0.0003762227238525207
356,Geladeira Consul CRB39AK Frost Free 1 Porta 342 Litros Evox,7891129245471,geladeiras,970.9355115890503,1,1,1,1,2,0.2,1,2,0.04,1,1.0,0.0003762227238525207
359,Fogão Vitrum Itatiaia 5Q Inox Tripla Chama Mesa Vidro Bivolt,7892946336656,fogoes,970.9355115890503,0,0,0,0,0,0.0,1,1,0.02,27,0.037037037037037035,0.010158013544018058
361,"Smart TV LED 65” TCL P715 4K Android UHD HDR com Wi-Fi, Borda Ultrafina e Google Assistant",7899968301020,tvs,970.9355115890503,1,1,1,1,1,0.1,1,1,0.02,1,1.0,0.0003762227238525207
365,Smartphone Xiaomi Poco F3 128gb 6gb Ram 5g Global Branco,6934177736988,celulares,970.9355115890503,1,1,1,1,1,0.1,1,1,0.02,1,1.0,0.0003762227238525207
366,Fogão 4 Bocas Mesa Vidro Cfo4vaeuna Consul Preto Bvolt,7891129543201,fogoes,970.9355115890503,1,1,1,1,3,0.3,1,3,0.06,1,1.0,0.0003762227238525207
368,Fogao A gas gaudi 4 Q branco gás glp,7898456262218,fogoes,970.9355115890503,1,1,1,1,4,0.4,1,4,0.08,1,1.0,0.0003762227238525207
369,Fogão Dako Supreme Glass 5 Bocas Preto - Bivolt,7897180504328,fogoes,970.9355115890503,0,0,0,1,2,0.2,1,2,0.04,9,0.1111111111111111,0.003386004514672686
373,"Notebook Samsung Book Pro 360 com S Pen, Intel Core i7, Windows 10 Home 512 gb ssd NVMe, 16 gb ram, Tela 13.3 Placa de Vídeo Intel Iris x,",7892509118477,notebooks,970.9355115890503,1,1,1,1,1,0.1,1,1,0.02,1,1.0,0.0003762227238525207
375,"Smart TV Samsung 70 qled 4K Q65B 2022 Design Air Slim, Processador Quantum Lite, Multitela",7892509122634,tvs,970.9355115890503,1,1,1,1,1,0.1,1,1,0.02,1,1.0,0.0003762227238525207
377,Tv 12 V Led 24 Caminhão Ônibus Van Carro Motor Home 12 Volts,8809222513273,tvs,970.9355115890503,1,1,1,1,1,0.1,1,1,0.02,1,1.0,0.0003762227238525207
378,Refrigerador MD-RS587FGA041 Side by Side 528L RS5871 Midea,7908198000839,geladeiras,970.9355115890503,1,1,1,1,2,0.2,1,2,0.04,1,1.0,0.0003762227238525207
379,Smart TV LED 50 Samsung Tizen Crystal uhd 4K HDR10 + 3 hdmi 1USB Wi-Fi,7892509117906,tvs,970.9355115890503,1,1,1,1,2,0.2,1,2,0.04,1,1.0,0.0003762227238525207
380,"Smart TV 50"" QLED 4K Samsung 50Q80A, Modo Game, Processador IA, Som em Movimento, Tela sem limites, Visual livre de cabos, Alexa built in",7892509119566,tvs,970.9355115890503,1,1,1,1,2,0.2,1,2,0.04,1,1.0,0.0003762227238525207
384,Fogão 4 Bocas à Gás Mueller Piacere Vetro Acendimento Automático Branco Bivolt,7908156901772,fogoes,970.9355115890503,1,1,1,1,3,0.3,1,5,0.1,1,1.0,0.0003762227238525207
385,"Notebook Gigabyte G5 15,6 I5 10Th 16Gb Ssd512Gb Rtx3060 W10",4719331813826,notebooks,970.9355115890503,0,0,0,1,1,0.1,1,1,0.02,2,0.5,0.0007524454477050414
390,Fogao A Gas Delplus Vitreo 5 Q Verde Gás Glp,7899552141186,fogoes,970.9355115890503,1,1,1,1,3,0.3,1,3,0.06,1,1.0,0.0003762227238525207
395,Fogão 4 Bocas Mesa De Inox Forno Easy Clean Trempe Preto,7898385061432,fogoes,970.9355115890503,0,0,0,0,0,0.0,0,0,0.0,173,0.005780346820809248,0.06508653122648608
397,Fogão 4 Bocas Essencial Automático Mesa de Vidro Bivolt Itatiaia Inox,7892946411780,fogoes,970.9355115890503,1,1,1,1,3,0.3,1,3,0.06,1,1.0,0.0003762227238525207
398,Fogão 6 Bocas Electrolux Branco Automático com Porta Full Glass e Vidro Interno Removível (76UB6),7909569000403,fogoes,970.9355115890503,1,1,1,1,1,0.1,1,1,0.02,1,1.0,0.0003762227238525207
401,"SAMSUNG Smart TV 75"" UHD 4K 75AU7700, Processador Crystal 4K, Tela sem limites, Visual Livre de Cabos, Alexa built in, Controle Único",7892509117951,tvs,970.9355115890503,1,1,1,1,2,0.2,1,2,0.04,1,1.0,0.0003762227238525207
402,"Forno Elétrico Com Espeto Giratório, 60 Litros, Bancada, Fogatti, Interior Easy Clean, Dourador, Até 300Cº 220V",7800554770779,fogoes,970.9355115890503,1,1,1,1,1,0.1,1,1,0.02,1,1.0,0.0003762227238525207
405,Fogão Mueller Piacere 5 bocas com Acendimento automático Branco - Bivolt,7908156901741,fogoes,970.9355115890503,1,1,1,1,5,0.5,1,6,0.12,1,1.0,0.0003762227238525207
406,"Notebook Lenovo Ultrafino ideapad S145 Ryzen 5 8GB 256GB SSD Windows 10 15.6"" 81V70008BR Prata",195042511352,notebooks,970.9355115890503,0,0,0,1,1,0.1,1,1,0.02,2,0.5,0.0007524454477050414
409,Smartphone Multilaser F 16GB Café,7899838864716,celulares,970.9355115890503,1,1,1,1,3,0.3,1,3,0.06,1,1.0,0.0003762227238525207
410,Fogão 4 Bocas Itatiaia Dream Chama Rápida Branco Bivolt,7892946310427,fogoes,970.9355115890503,1,1,1,1,1,0.1,1,1,0.02,1,1.0,0.0003762227238525207
414,Notebook vaio FE15 Intel Core i7 Linux 8GB 256GB ssd HD - Prata,7896904665406,notebooks,970.9355115890503,0,0,0,1,1,0.1,1,1,0.02,2,0.5,0.0007524454477050414
418,"Notebook asus Vivobook Pro 15 K3500PC-KJ390W Intel i7 11370H 16GB 512GB ssd RTX3050 W11 15,6 Prata",7898573298459,notebooks,970.9355115890503,1,1,1,1,1,0.1,1,1,0.02,1,1.0,0.0003762227238525207
419,Notebook Lenovo V14 i5-1135G7 8GB 256GB ssd Intel Iris Xe Graphics Win 10 Pro 14 82NM0000BR Preto,195713827638,notebooks,970.9355115890503,1,1,1,1,1,0.1,1,1,0.02,1,1.0,0.0003762227238525207
420,Notebook positivo motion Q432B intel ATOM/4GB/32GB EMMC/14/ WIND.10 home,7896904630657,notebooks,970.9355115890503,1,1,1,1,2,0.2,1,2,0.04,1,1.0,0.0003762227238525207
422,Geladeira French Door 525L com Instaview Door-in-door™ e Hygiene Fresh+™ - 110v,8806098602629,geladeiras,970.9355115890503,1,1,1,1,6,0.6,1,6,0.12,1,1.0,0.0003762227238525207
428,"D DOLITY Capa para disco rígido inferior de 4 peças, para Folio 9470M 9480M",749992306263,notebooks,970.9355115890503,1,1,1,1,1,0.1,1,1,0.02,1,1.0,0.0003762227238525207
432,"Notebook asus X515JA-BR2750 Intel Core i3 1005G1 4GB 256GB ssd Linux 15,6 LED-backlit Cinza",7898573298329,notebooks,970.9355115890503,0,0,0,0,0,0.0,0,0,0.0,51,0.0196078431372549,0.019187358916478554
434,Notebook Gamer Dell G15-i1000-M20P 15.6 fhd 10ª Geração Intel Core i5 8GB 512GB ssd nvidia gtx 1650 Windows 11,7899864941481,notebooks,970.9355115890503,1,1,1,1,1,0.1,1,1,0.02,1,1.0,0.0003762227238525207
437,Smartphone Moto G71 128GB 5G Wi-Fi Tela 6.4'' Dual Chip 6GB RAM Câmera Tripla + Selfie 16MP - Verde,7892597351619,celulares,970.9355115890503,0,0,0,1,1,0.1,1,1,0.02,2,0.5,0.0007524454477050414
438,Fogao A gas delplus vitreo 5 Q azul gás glp,7899552141124,fogoes,970.9355115890503,1,1,1,1,1,0.1,1,1,0.02,1,1.0,0.0003762227238525207
439,Fogao A Gas Gemini 2 Q Vetro Branco Gás Glp,7899552101487,fogoes,970.9355115890503,0,0,0,1,1,0.1,1,2,0.04,7,0.14285714285714285,0.0026335590669676447
442,"Smart TV Samsung Crystal UHD 4K 75AU8000 Design Slim Som em Movimento Virtual Visual Sem Cabos 75"" 75""",7892509117494,tvs,970.9355115890503,1,1,1,1,2,0.2,1,2,0.04,1,1.0,0.0003762227238525207
444,Fogão 4 Bocas Bali Esmaltec,7899081743394,fogoes,970.9355115890503,1,1,1,1,6,0.6,1,6,0.12,1,1.0,0.0003762227238525207
445,Fogão 4 Bocas Itatiaia Star Branco Bivolt,7892946329191,fogoes,970.9355115890503,1,1,1,1,4,0.4,1,4,0.08,1,1.0,0.0003762227238525207
447,Fogão Dream 5 Bocas Luz de Forno Itatiaia,7892946311196,fogoes,970.9355115890503,0,0,0,1,3,0.3,1,3,0.06,5,0.2,0.0018811136192626034
448,"Notebook Gamer Dell G15-i1100-M30P 15.6"" FHD 11ª Geração Intel Core i5 8GB 512GB SSD NVIDIA RTX 3050 Windows 11",7899864941535,notebooks,970.9355115890503,1,1,1,1,1,0.1,1,1,0.02,1,1.0,0.0003762227238525207
450,Fogao A Gas Picasso Vitreo 5 Q Branco Gás Glp,7899552141308,fogoes,970.9355115890503,1,1,1,1,2,0.2,1,2,0.04,1,1.0,0.0003762227238525207
451,"Notebook Lenovo Ultrafino IdeaPad 3i i5 8GB 256GB SSD Placa de Vídeo Dedicada Linux 15.6"" 82BSS00400, Prata",196119983157,notebooks,970.9355115890503,1,1,1,1,3,0.3,1,3,0.06,1,1.0,0.0003762227238525207
455,Smartphone Samsung Galaxy A13 Branco 128GB 4GB RAM bateria 5000mAh Câmera Quádrupla Traseira de 50MP + 5MP + 2MP + 2MP Octa-Core tela infinita,7892509123259,celulares,970.9355115890503,1,1,1,1,2,0.2,1,2,0.04,1,1.0,0.0003762227238525207
457,"Smartphone Samsung Galaxy Z Flip3 256GB 5G Wi-Fi Tela 6,7'' Dual Chip 8GB RAM Câmera Dupla + Selfie 10MP - Preto",7892509120531,celulares,970.9355115890503,0,0,0,1,1,0.1,1,1,0.02,7,0.14285714285714285,0.0026335590669676447
460,Notebook Samsung Chromebook 11.6 Intel Celeron N4020 32GB eMMC 4GB Chrome os XE310XBA-KT3BR,7892509118071,notebooks,970.9355115890503,1,1,1,1,3,0.3,1,3,0.06,1,1.0,0.0003762227238525207
463,"Fogão Ágata Glass 5 Bocas, Preto, Acendimento automático - Esmaltec",7899081743325,fogoes,970.9355115890503,1,1,1,1,2,0.2,1,2,0.04,1,1.0,0.0003762227238525207
468,"Smartphone Samsung Galaxy Z Flip3 128GB 5G Wi-Fi Tela 6,7'' Dual Chip 8GB RAM Câmera Dupla + Selfie 10MP - Preto",7892509121149,celulares,970.9355115890503,1,1,1,1,1,0.1,1,2,0.04,1,1.0,0.0003762227238525207
472,Notebook Positivo Motion Gray C4128E ssd 128GB DDR4 4GB,7896904680607,notebooks,970.9355115890503,0,0,0,1,1,0.1,1,1,0.02,9,0.1111111111111111,0.003386004514672686
474,"HOLPPO Mini geladeira Cooler e Aquecedor - 10 L / Casa, Escritório, Carro, Dormitório ou Barco - Compacto e portátil",6939599516644,geladeiras,970.9355115890503,1,1,1,1,1,0.1,1,1,0.02,1,1.0,0.0003762227238525207
477,Fogao A gas mini cook 2 Q branco gas glp,7899552116016,fogoes,970.9355115890503,1,1,1,1,3,0.3,1,3,0.06,1,1.0,0.0003762227238525207
478,Tv Digital E Monitor 7 Polegadas Tomate Mtm 707,5013845170116,tvs,970.9355115890503,1,1,1,1,1,0.1,1,1,0.02,1,1.0,0.0003762227238525207
481,Smart TV 43'' Full HD Multilaser TL024 Wi-Fi 3 hdmi 2 USB Bivolt,7899838894799,tvs,970.9355115890503,0,0,0,1,1,0.1,1,1,0.02,3,0.3333333333333333,0.001128668171557562
483,Fogão 4 Bocas Itatiaia Star Preto Bivolt,7892946333266,fogoes,970.9355115890503,1,1,1,1,1,0.1,1,2,0.04,1,1.0,0.0003762227238525207
484,Fogão A Gás glp Venax Gaudi 5 Bocas Grafite,7899552146440,fogoes,970.9355115890503,0,0,0,1,3,0.3,1,3,0.06,8,0.125,0.0030097817908201654
485,"Smart TV Led 43"" Semp 43s5300 Full HD Android Bluetooth Controle Remoto com Comando de voz Google Assistant",7899968300887,tvs,970.9355115890503,1,1,1,1,1,0.1,1,1,0.02,1,1.0,0.0003762227238525207
487,Fogão de Piso 4 Bocas à Gás Itatiaia Dream com Acendimento Automático Preto Bivolt,7892946311189,fogoes,970.9355115890503,0,0,0,1,2,0.2,1,2,0.04,3,0.3333333333333333,0.001128668171557562
490,Fogao A gas mini cook 2 Q preto fosco gás glp,7899552116030,fogoes,970.9355115890503,1,1,1,1,2,0.2,1,2,0.04,1,1.0,0.0003762227238525207
493,Fogão A Gás 5 Bocas Venax Picasso Branco Bivolt,7898456267688,fogoes,970.9355115890503,0,0,0,1,1,0.1,1,1,0.02,6,0.16666666666666666,0.002257336343115124
496,Fogão à Gás 5 Bocas Atlas New Fastcook Acendimento Automático Bivolt,7897180507589,fogoes,970.9355115890503,1,1,1,1,5,0.5,1,5,0.1,1,1.0,0.0003762227238525207
499,Fogão Dream 5 Bocas - Branco,7892946310434,fogoes,970.9355115890503,1,1,1,1,6,0.6,1,7,0.14,1,1.0,0.0003762227238525207
504,Fogao A gas picasso 5 Q preto fosco gás glp,7899552144873,fogoes,970.9355115890503,0,0,0,1,1,0.1,1,1,0.02,10,0.1,0.003762227238525207
505,Refrigerador Midea French Door Inverter Quattro 482 Litros Inox MD-RF556 – 127 Volts,7908198000853,geladeiras,970.9355115890503,1,1,1,1,2,0.2,1,2,0.04,1,1.0,0.0003762227238525207
511,Notebook Dell Inspiron i15-i1100-U25P 15.6 Full HD 11ª Geração Intel Core i3 4GB 256GB ssd Linux,7899864943751,notebooks,970.9355115890503,1,1,1,1,1,0.1,1,1,0.02,1,1.0,0.0003762227238525207
512,Tv Digital Full Hd Vw Polo 2022 Faaftech Ft-Vf-Vw4,7892460097019,tvs,970.9355115890503,1,1,1,1,1,0.1,1,1,0.02,1,1.0,0.0003762227238525207
513,Tela 43 Polegadas Full Hd + Conversor Tv Digital Externo Multilaser - TL029,7908414405295,tvs,970.9355115890503,1,1,1,1,3,0.3,1,3,0.06,1,1.0,0.0003762227238525207
514,Geladeira/Refrigerador Samsung French Door RF23R6301SR Inox Look 530L Smart (Wi-Fi) com Food Showcase,8801643928377,geladeiras,970.9355115890503,1,1,1,1,1,0.1,1,1,0.02,1,1.0,0.0003762227238525207
516,Refrigerador Consul CRA30 261 Litros Degelo Seco Branco 220v,7891129186415,geladeiras,970.9355115890503,1,1,1,1,1,0.1,1,1,0.02,1,1.0,0.0003762227238525207
519,"Notebook 2 em 1 hp 435-G8, amd Ryzen 3, 8GB, 256GB ssd, Tela de 13, Windows 11 Home, 5R5A6LA",196337544185,notebooks,970.9355115890503,1,1,1,1,1,0.1,1,1,0.02,1,1.0,0.0003762227238525207
522,Mini geladeira 10L (110V/12V) cabo ac/dc branca - TV015,7899838866574,geladeiras,970.9355115890503,1,1,1,1,7,0.7,1,7,0.14,1,1.0,0.0003762227238525207
524,Fogão 1 Boca Guindani Com Queimador Duplo 32Cm Inox 430,7898668796983,fogoes,970.9355115890503,1,1,1,1,1,0.1,1,1,0.02,1,1.0,0.0003762227238525207
529,Fogão de Piso Fischer 5 Bocas tc Gran Chef com Grill Preto e Inox - 127 Volts,7896513318229,fogoes,970.9355115890503,1,1,1,1,6,0.6,1,6,0.12,1,1.0,0.0003762227238525207
530,Geladeira/Refrigerador Brastemp Frost Free 375 Litros BRM45 - Branca - 110v,7891129252745,geladeiras,970.9355115890503,1,1,1,1,1,0.1,1,1,0.02,1,1.0,0.0003762227238525207
532,Notebook Positivo Motion Q464C Intel Atom Quad-Core Windows 10 Home – Vermelho,7896904683547,notebooks,970.9355115890503,1,1,1,1,4,0.4,1,5,0.1,1,1.0,0.0003762227238525207
533,Smartphone Positivo Twist 3 Pro S533 64GB Dual Chip 5.7” - Aurora,7896904647198,celulares,970.9355115890503,1,1,1,1,3,0.3,1,3,0.06,1,1.0,0.0003762227238525207
534,"Notebook Samsung Book 15,6 fhd Intel Celeron 6305 128GB ssd 4GB Windows 10 Pro - NP550XDA-KO7BR",7892509119511,notebooks,970.9355115890503,1,1,1,1,1,0.1,1,1,0.02,1,1.0,0.0003762227238525207
535,"Fogão de Piso Dako 4 Bocas Magister, Mesa de Vidro, Acendimento Automático, Preto, Bivolt",7897180505431,fogoes,970.9355115890503,1,1,1,1,3,0.3,1,3,0.06,1,1.0,0.0003762227238525207
538,"Smartphone Motorola Edge 20 128GB 5G Wi-Fi Tela 6,7'' Dual Chip 8GB RAM Câmera Tripla + Selfie 32MP - Branco",7892597351206,celulares,970.9355115890503,0,0,0,1,1,0.1,1,1,0.02,2,0.5,0.0007524454477050414
541,Fogão 5 bocas Mueller Decorato Gourmet com mesa em inox escovado e grades em ferro fundido Bivolt,7908156903196,fogoes,970.9355115890503,1,1,1,1,1,0.1,1,1,0.02,1,1.0,0.0003762227238525207
543,Fogão Supreme Glass Acendimento Automático 4 Bocas Dako,7897180504304,fogoes,970.9355115890503,0,0,0,1,2,0.2,1,2,0.04,3,0.3333333333333333,0.001128668171557562
547,Fogão a Gás Portátil Venax Mini Cook 2 Bocas Amarelo GMN200,7899552115996,fogoes,970.9355115890503,1,1,1,1,1,0.1,1,1,0.02,1,1.0,0.0003762227238525207
549,Refrigerador Invert Frost Free 483L Duplex Panasonic,7896067226926,geladeiras,970.9355115890503,1,1,1,1,2,0.2,1,2,0.04,1,1.0,0.0003762227238525207
550,Smart Tela Toshiba qled 65 4K 65M550KB Dot Smart vidaa hdr - TB002,7908414412941,tvs,970.9355115890503,1,1,1,1,3,0.3,1,3,0.06,1,1.0,0.0003762227238525207
554,"Cooktop à Gás 5 Bocas Midea, com Mesa de Vidro, Bivolt",7908198001881,fogoes,970.9355115890503,1,1,1,1,1,0.1,1,1,0.02,1,1.0,0.0003762227238525207
557,Smartphone Nokia 5.4 Tela 6.39 Armazenamento 128Gb 4Gb Ram Roxo Nokia,7908414408227,celulares,970.9355115890503,1,1,1,1,2,0.2,1,2,0.04,1,1.0,0.0003762227238525207
558,"Smartphone Samsung Galaxy S21+ 256GB 5G - Preto, Câmera Tripla 64MP + Selfie 10MP, RAM 8GB, Tela 6.7""",7892509117029,celulares,970.9355115890503,0,0,0,1,1,0.1,1,1,0.02,2,0.5,0.0007524454477050414
561,Smartphone Samsung Galaxy S21 FE 128GB 5G Wi-Fi Tela 6.4'' Dual Chip 6GB RAM Câmera Tripla + Selfie 32MP - Preto,7892509121040,celulares,970.9355115890503,1,1,1,1,1,0.1,1,1,0.02,1,1.0,0.0003762227238525207
563,"Notebook Acer A514-53 - Tela 14, Intel i3 1005G1, 12GB, ssd 128GB + HD 1TB, Windows 10 Pro",8848357430376,notebooks,970.9355115890503,0,0,0,0,0,0.0,1,1,0.02,17,0.058823529411764705,0.006395786305492852
567,Mini Geladeira 15 Litros Branca - 110-220V - Minicool,7898656530032,geladeiras,970.9355115890503,0,0,0,1,1,0.1,1,1,0.02,2,0.5,0.0007524454477050414
569,Geladeira Nr-bt41pd1wb 387L 2 Porta Frost Free Panasonic 220,7896067227756,geladeiras,970.9355115890503,0,0,0,1,2,0.2,1,2,0.04,5,0.2,0.0018811136192626034
573,Notebook Lenovo ThinkPad T14 i5-1145G7 16GB 256GB ssd W11 Pro 14 fhd 20W100BNBO Preto,196378646305,notebooks,970.9355115890503,1,1,1,1,1,0.1,1,1,0.02,1,1.0,0.0003762227238525207
579,Fogão Ares 4 Bocas Forno Autolimpante 5926 Preto - Realce,7899639700831,fogoes,970.9355115890503,1,1,1,1,3,0.3,1,3,0.06,1,1.0,0.0003762227238525207
580,Smartphone Motorola Moto G31 128GB 4GB RAM Azul,7892597351657,celulares,970.9355115890503,0,0,0,1,1,0.1,1,1,0.02,2,0.5,0.0007524454477050414
582,Fogão progas PMSD-402,7898466541983,fogoes,970.9355115890503,1,1,1,1,1,0.1,1,1,0.02,1,1.0,0.0003762227238525207
583,Smartphone Samsung Galaxy S21 Ultra 256GB 5G Wi-Fi Tela 6.8'' Dual Chip 12GB RAM Câmera Quádrupla + Selfie 40MP - Prata,7892509117067,celulares,970.9355115890503,0,0,0,1,1,0.1,1,1,0.02,6,0.16666666666666666,0.002257336343115124
585,Fogão 4 Bocas Mueller Moderatto Preto Fosco Acendimento Manual,7908156900805,fogoes,970.9355115890503,1,1,1,1,2,0.2,1,4,0.08,1,1.0,0.0003762227238525207
587,Fogão Brastemp 5 Queimadores Inox 220v,7891129264755,fogoes,970.9355115890503,1,1,1,1,1,0.1,1,1,0.02,1,1.0,0.0003762227238525207
591,"Fogão Agata 5 Bocas, Acendimento Automático Total, Forno Limpa Fácil, Mesa Inox Brilhante - Esmaltec",7899081732930,fogoes,970.9355115890503,1,1,1,1,3,0.3,1,3,0.06,1,1.0,0.0003762227238525207
595,"Notebook hp 256-G8, Processador Core i5, 8GB de memoria, 256GB ssd, Tela de 15,6, Windows 11",196337544178,notebooks,970.9355115890503,1,1,1,1,1,0.1,1,1,0.02,1,1.0,0.0003762227238525207
597,Geladeira Consul Inverse CRE44AK 397 L Branco,7891129499737,geladeiras,970.9355115890503,1,1,1,1,2,0.2,1,2,0.04,1,1.0,0.0003762227238525207
604,Fogao A gas delplus vitreo 5 Q preto fosco gas glp,7899552141179,fogoes,970.9355115890503,1,1,1,1,2,0.2,1,3,0.06,1,1.0,0.0003762227238525207
606,Fogão a Gás GLP Picasso 5 Bocas Venax Grafite,7899552146419,fogoes,970.9355115890503,1,1,1,1,2,0.2,1,2,0.04,1,1.0,0.0003762227238525207
607,"Mini Geladeira AstroAI, Portátil - ac/dc, 4L (6 Latas), 12V, Azul",850289769477,geladeiras,970.9355115890503,1,1,1,1,5,0.5,1,5,0.1,1,1.0,0.0003762227238525207
618,Fogão 5 Bocas Dako Magister Style com Frente de Vidro Espelhado,7897180508081,fogoes,970.9355115890503,1,1,1,1,4,0.4,1,4,0.08,1,1.0,0.0003762227238525207
621,Notebook Gamer Acer Nitro5 Ryzen 5 512Gb Ssd Gtx1650 Endless,4710886591801,notebooks,970.9355115890503,0,0,0,0,0,0.0,1,1,0.02,26,0.038461538461538464,0.009781790820165538
625,Smart TV Neo qled 55 Samsung Mini LED Quantum uhd 4K ia HDR10 + 4HDMI,7892509116794,tvs,970.9355115890503,1,1,1,1,4,0.4,1,4,0.08,1,1.0,0.0003762227238525207
629,Smartphone LG K62 64GB 4G Wi-Fi Tela 6.6'' Dual Chip 4GB RAM Câmera Quádrupla + Selfie 13MP - Azul,7893299914782,celulares,970.9355115890503,0,0,0,1,1,0.1,1,1,0.02,2,0.5,0.0007524454477050414
632,TV LG 32 HD USB HDMI 32LT330HBSB.AWZ,7894892024359,tvs,970.9355115890503,0,0,0,1,1,0.1,1,1,0.02,4,0.25,0.0015048908954100827
636,"Smart TV Samsung QLED 4K The Frame 2021 50LS03A Design Slim Molduras Customizáveis Modo Arte 50"" 50""",7892509117562,tvs,970.9355115890503,1,1,1,1,1,0.1,1,1,0.02,1,1.0,0.0003762227238525207
640,Depurador de Ar Slim Voltagem Bivolt 60cm Branco Suggar,7896518513889,fogoes,970.9355115890503,1,1,1,1,1,0.1,1,1,0.02,1,1.0,0.0003762227238525207
650,Notebook Positivo Motion I34128B Ssd 128Gb Ddr4 4Gb,7896904684872,notebooks,970.9355115890503,0,0,0,1,2,0.2,1,2,0.04,4,0.25,0.0015048908954100827
651,Smartphone Moto G60 128GB 4G Wi-Fi Tela 6.8'' Dual Chip 6GB RAM Câmera Tripla + Selfie 32MP - Azul,7892597350971,celulares,970.9355115890503,1,1,1,1,1,0.1,1,1,0.02,1,1.0,0.0003762227238525207
652,Smartphone motorola moto g22 128 gb azul 6.5 4g,7892597352036,celulares,970.9355115890503,0,0,0,1,1,0.1,1,1,0.02,3,0.3333333333333333,0.001128668171557562
653,"Notebook Lenovo Ultrafino ideapad S145 Ryzen 5 12GB 1TB Linux 15.6"" 81V7S00000 Prata",195713169028,notebooks,970.9355115890503,0,0,0,1,1,0.1,1,1,0.02,3,0.3333333333333333,0.001128668171557562
656,Smart Tv Led Full HD 43 Polegadas 2 Hdmi 1 Usb ThinQ Al 43LM6370 LG,7893299916632,tvs,970.9355115890503,0,0,0,1,1,0.1,1,1,0.02,4,0.25,0.0015048908954100827
658,Smartphone Moto G71 128GB 5G Wi-Fi Tela 6.4'' Dual Chip 6GB RAM Câmera Tripla + Selfie 16MP - Azul,7892597351626,celulares,970.9355115890503,0,0,0,1,1,0.1,1,1,0.02,2,0.5,0.0007524454477050414
661,Fogão 4 Bocas Automático Bivolt Timer Digital Vitrum Itatiaia Branco,7892946336137,fogoes,970.9355115890503,0,0,0,1,1,0.1,1,1,0.02,3,0.3333333333333333,0.001128668171557562
664,Refrigerador Consul CRM43H Frost Free Evox 386L,7891129240636,geladeiras,970.9355115890503,1,1,1,1,2,0.2,1,2,0.04,1,1.0,0.0003762227238525207
665,Celular LG - LMK520BMW - K62 64 GB Vermelho,7893299915277,celulares,970.9355115890503,0,0,0,1,1,0.1,1,1,0.02,3,0.3333333333333333,0.001128668171557562
669,Notebook Positivo Motion C41TE Celeron 4GB 1TB 14 LED Windows 10,7896904680676,notebooks,970.9355115890503,1,1,1,1,8,0.8,1,10,0.2,1,1.0,0.0003762227238525207
673,"Smart TV LED 24"" Monitor LG 24TL520S, Wi-Fi, WebOS 3.5, DTV Machine Ready",7893299911453,tvs,970.9355115890503,1,1,1,1,3,0.3,1,3,0.06,1,1.0,0.0003762227238525207
674,Fogão de Piso Dako 4 Bocas Glass com Mesa de Vidro e Mega Chama Preto – Bivolt,7897180503000,fogoes,970.9355115890503,1,1,1,1,7,0.7,1,7,0.14,1,1.0,0.0003762227238525207
676,"SAMSUNG - Core i3 - 4G, 256GB SSD, Intel UHD, 15.6""FHD, Linux C, Cinza",7892509118897,notebooks,970.9355115890503,1,1,1,1,1,0.1,1,1,0.02,1,1.0,0.0003762227238525207
679,Fogão 5 bocas Atlas New UTop Style mesa de inox - Bivolt,7897180508029,fogoes,970.9355115890503,1,1,1,1,1,0.1,1,1,0.02,1,1.0,0.0003762227238525207
682,Fogão Cooktop Fischer 2Q Elétrico Mesa Vitrocerâmica Preto 220V,7896513310483,fogoes,970.9355115890503,1,1,1,1,3,0.3,1,3,0.06,1,1.0,0.0003762227238525207
690,"Smart TV, PTV39G60S LED, 39'' Polegadas, Processador Quad Core GPU Triple Core HDR, Conexão Wi-fi, Com 2 entradas HDMI 1 USB, Philco",7891356089930,tvs,970.9355115890503,1,1,1,1,1,0.1,1,1,0.02,1,1.0,0.0003762227238525207
695,Smart TV Led Crystal uhd 55'' Samsung LH55BEAH 4K tizen 3 hdmi 1 USB Titan Gray Bivolt,7892509118149,tvs,970.9355115890503,1,1,1,1,3,0.3,1,3,0.06,1,1.0,0.0003762227238525207
696,Smartphone Samsung Galaxy A52 128Gb Preto,7892509116930,celulares,970.9355115890503,1,1,1,1,1,0.1,1,1,0.02,1,1.0,0.0003762227238525207
697,Smartphone Nokia 1.4 64GB 2GB ram 4G Wi-Fi Dual Chip Câmera Dupla + Selfie 5MP Tela 6.5 hd + Cinza,7908414413122,celulares,970.9355115890503,1,1,1,1,1,0.1,1,1,0.02,1,1.0,0.0003762227238525207
698,Fogão Elétrico Profissional Safira 2 Bocas - 220v - Cotherm - 2282,7896981222820,fogoes,970.9355115890503,1,1,1,1,3,0.3,1,3,0.06,1,1.0,0.0003762227238525207
700,Notebook hp Ssd 64Gb Intel N4020 14 Polegadas Win 10,7801399275528,notebooks,970.9355115890503,1,1,1,1,1,0.1,1,1,0.02,1,1.0,0.0003762227238525207
705,Fogao 5b Brastemp Acend. Automatico - Bfs5ncruna,7891129264373,fogoes,970.9355115890503,0,0,0,1,3,0.3,1,3,0.06,3,0.3333333333333333,0.001128668171557562
706,Tela Toshiba 43 Pol. 43v35kb Dled Fhd Smart Vidaa – TB008,7908414421127,tvs,970.9355115890503,1,1,1,1,5,0.5,1,5,0.1,1,1.0,0.0003762227238525207
713,Refrigerador Brastemp Ative Inverse Maxi BRE80 573 Litros Iluminação LED Branco 110,7891129206205,geladeiras,970.9355115890503,0,0,0,1,1,0.1,1,1,0.02,7,0.14285714285714285,0.0026335590669676447
714,Fogão 4 bocas Mueller Fratello Branco acendimento automático Bivolt,7908156900867,fogoes,970.9355115890503,1,1,1,1,2,0.2,1,2,0.04,1,1.0,0.0003762227238525207
715,Geladeira Panasonic Frost Free 435L NR-BT50BD3X Aço Escovado - 220v,7896067227015,geladeiras,970.9355115890503,1,1,1,1,2,0.2,1,2,0.04,1,1.0,0.0003762227238525207
717,Smartphone Samsung Galaxy S22 Ultra 5G 256GB 6.8 108 + 10 + 12 + 10MP Preto,7892509122160,celulares,970.9355115890503,1,1,1,1,3,0.3,1,3,0.06,1,1.0,0.0003762227238525207
719,Smartphone Multilaser G 2 32gb 5.1 2gb Android 11 Go Preto,7908414420274,celulares,970.9355115890503,1,1,1,1,1,0.1,1,1,0.02,1,1.0,0.0003762227238525207
723,Refrigerador Electrolux 2 Portas 370 L Frost Free Dfx41 Inox 220v,7896584071979,geladeiras,970.9355115890503,1,1,1,1,1,0.1,1,1,0.02,1,1.0,0.0003762227238525207
725,Refrigerador Ngv 10 Pto Fosco,7898291103165,geladeiras,970.9355115890503,1,1,1,1,3,0.3,1,3,0.06,1,1.0,0.0003762227238525207
726,Fogao A gas gemini 2 Q tampa de vidro bege gás glp,7898291101123,fogoes,970.9355115890503,1,1,1,1,1,0.1,1,1,0.02,1,1.0,0.0003762227238525207
727,Frigobar Philco 85 Litros Porta de Vidro Preto PFG85PG – 127 Volts,7891356078057,geladeiras,970.9355115890503,1,1,1,1,1,0.1,1,1,0.02,1,1.0,0.0003762227238525207
728,Fogao cooktop fischer 1 boca tripla chama A gas mesa vidro preto,7896513310308,fogoes,970.9355115890503,1,1,1,1,2,0.2,1,2,0.04,1,1.0,0.0003762227238525207
736,"Notebook Dell Inspiron i3501-U25P 15.6"" HD 10ª Geração Intel Core i3 4GB 256GB SSD Linux Preto",7899864939297,notebooks,970.9355115890503,1,1,1,1,2,0.2,1,2,0.04,1,1.0,0.0003762227238525207
741,Notebook VAIO® FE14 Intel® Core™ i5 Windows 10 Home 8GB 256GB SSD Full HD- Branco,7896904649741,notebooks,970.9355115890503,1,1,1,1,2,0.2,1,2,0.04,1,1.0,0.0003762227238525207
746,"Notebook Ideapad Gaming 3i Intel Core i7-10750H 8GB (Geforce GTX 1650 4GB) 512GB SSD FHD W10 15.6"" Azul",195348729383,notebooks,970.9355115890503,1,1,1,1,1,0.1,1,1,0.02,1,1.0,0.0003762227238525207
747,Fogão de Piso Itatiaia Dream 5 Bocas com Luz no Forno Bilvolt Inox,7892946310458,fogoes,970.9355115890503,1,1,1,1,5,0.5,1,7,0.14,1,1.0,0.0003762227238525207
749,Fogão Piso 5 Bocas Com Mesa De Vidro Turbo Chamas Brastemp Preto Bvolt,7891129517905,fogoes,970.9355115890503,1,1,1,1,4,0.4,1,4,0.08,1,1.0,0.0003762227238525207
751,"Smart TV LED 39 Philco TV39G65N5CH HD com Wi-Fi, 1 usb, 1 hdmi, Mídia Cast, Controle com Botão Netflix, 60Hz",7891356095955,tvs,970.9355115890503,1,1,1,1,2,0.2,1,2,0.04,1,1.0,0.0003762227238525207
756,Fogão de piso Consul 5 bocas branco com acendimento automático e botões removíveis - CFS5NAB BIVOLT,7891129246225,fogoes,970.9355115890503,1,1,1,1,1,0.1,1,1,0.02,1,1.0,0.0003762227238525207
762,"Android Tv Led 40"" Tcl 40s6500 Bluetooth, Controle Remoto Com Comando De Voz E Google Assistant",7899968300825,tvs,970.9355115890503,1,1,1,1,1,0.1,1,1,0.02,1,1.0,0.0003762227238525207
763,Fogao 5B mueller piacere acend. automatico - 60.1230.003,7908156901673,fogoes,970.9355115890503,1,1,1,1,1,0.1,1,2,0.04,1,1.0,0.0003762227238525207
766,Refrigerador Philco 482 Litros French Door Inverse Inox PFR500I – 127 Volts,7891356080029,geladeiras,970.9355115890503,1,1,1,1,1,0.1,1,1,0.02,1,1.0,0.0003762227238525207
769,Notebook Positivo Motion I34128BI 14 HD Intel Core i3-6157U 128GB SSD 4GB Linux Cinza Escuro,7896904683448,notebooks,970.9355115890503,1,1,1,1,2,0.2,1,2,0.04,1,1.0,0.0003762227238525207
770,"Notebook Acer A315-34-C6ZS Intel Celeron N4000 4gb 1tb 15,6"" Linux",4710180698022,notebooks,970.9355115890503,1,1,1,1,2,0.2,1,2,0.04,1,1.0,0.0003762227238525207
775,Refrigerador Frost Free Duplex 340litros CRM39AKANA Consul,7891129514232,geladeiras,970.9355115890503,1,1,1,1,2,0.2,1,2,0.04,1,1.0,0.0003762227238525207
778,Fogão 5 Bocas Fenix com Mesa de Vidro Acendimento Automático Glass,7898385060565,fogoes,970.9355115890503,1,1,1,1,2,0.2,1,2,0.04,1,1.0,0.0003762227238525207
781,Smart TV LED 43” LG 43UP7500 4K UHD Wi-Fi Bluetooth HDR ThinQAI Compatível Com Inteligência Artificial,7893299915840,tvs,970.9355115890503,1,1,1,1,2,0.2,1,2,0.04,1,1.0,0.0003762227238525207
783,Fogão a Gás de Piso 6 Bocas Mesa em Aço Inox CFS6NAB Consul,7891129246607,fogoes,970.9355115890503,1,1,1,1,2,0.2,1,2,0.04,1,1.0,0.0003762227238525207
785,Fogão 1 Boca Guindani Com Queimador Duplo Inox 304 36Cm,7894989291503,fogoes,970.9355115890503,1,1,1,1,1,0.1,1,1,0.02,1,1.0,0.0003762227238525207
788,Depurador Fischer Slim 60cm Branco 127V,7896513309111,fogoes,970.9355115890503,1,1,1,1,1,0.1,1,1,0.02,1,1.0,0.0003762227238525207
794,Refrigerador Philco Side By Side PRF533I 220v,7891356086892,geladeiras,970.9355115890503,0,0,0,1,1,0.1,1,1,0.02,5,0.2,0.0018811136192626034
800,Geladeira Consul Cycle Defrost Duplex 334 Litros CRD37EB,7891129195455,geladeiras,970.9355115890503,1,1,1,1,1,0.1,1,1,0.02,1,1.0,0.0003762227238525207
802,"Smart TV LED 40"" Panasonic TC-40FS500B Full HD",7896067213421,tvs,970.9355115890503,1,1,1,1,3,0.3,1,3,0.06,1,1.0,0.0003762227238525207
803,Smartphone Samsung Galaxy A03 Core Azul 32GB 6.5 8MP SM-A032MZBRZTO,7892509120951,celulares,970.9355115890503,0,0,0,1,1,0.1,1,1,0.02,3,0.3333333333333333,0.001128668171557562
804,Fogão 5 Bocas Mesa de Inox Sírius Plus Branco Bivolt,7898385060497,fogoes,970.9355115890503,1,1,1,1,1,0.1,1,1,0.02,1,1.0,0.0003762227238525207
805,"Notebook Samsung Book S Intel Core i5, 512GB SSD, 8GB RAM , Tela 13.3"" Full HD -Touch Screen - Dourado (Earth Gold)",7892509117500,notebooks,970.9355115890503,0,0,0,1,2,0.2,1,2,0.04,3,0.3333333333333333,0.001128668171557562
806,Televisao 42 Polegadas Fhd Com Funcao Smart E Wifi Integrado,7908414437388,tvs,970.9355115890503,1,1,1,1,1,0.1,1,1,0.02,1,1.0,0.0003762227238525207
808,Geladeira/Refrigerador Electrolux Frost Free DFX41 Inox 371L - 110v,7896584071962,geladeiras,970.9355115890503,1,1,1,1,2,0.2,1,2,0.04,1,1.0,0.0003762227238525207
809,Fogão 5 Bocas Gran Cheff Mesa de Vidro Forno 110L Fischer,7896513318243,fogoes,970.9355115890503,0,0,0,1,1,0.1,1,1,0.02,7,0.14285714285714285,0.0026335590669676447
811,Geladeira Samsung Evolution RT46 PowerVolt Inverter Duplex 460L Black Inox Look,8806090569692,geladeiras,970.9355115890503,1,1,1,1,2,0.2,1,2,0.04,1,1.0,0.0003762227238525207
812,"Notebook Lenovo V14 i5-1135G7 8GB 256GB SSD Linux 14"" 82NMS00100 Preto",196118204802,notebooks,970.9355115890503,1,1,1,1,2,0.2,1,2,0.04,1,1.0,0.0003762227238525207
813,Notebook Gamer Dell G15-i1000-M10P 15.6 fhd 10ª Geração Intel Core i5 8GB 256GB ssd nvidia gtx 1650 Windows 11,7899864941467,notebooks,970.9355115890503,1,1,1,1,1,0.1,1,1,0.02,1,1.0,0.0003762227238525207
814,Smartphone motorola moto g41 128 gb azul 6.4 4g,7892597351503,celulares,970.9355115890503,1,1,1,1,2,0.2,1,2,0.04,1,1.0,0.0003762227238525207
815,Smartphone Motorola Moto E7 Power 32GB 2GB RAM Azul Metálico,7892597350698,celulares,970.9355115890503,1,1,1,1,1,0.1,1,1,0.02,1,1.0,0.0003762227238525207
816,Fogão 4 Bocas Moderatto Mueller Branco acendimento manual,7908156900775,fogoes,970.9355115890503,1,1,1,1,1,0.1,1,3,0.06,1,1.0,0.0003762227238525207
817,Fogao A gas picasso 6 Q grafite gás glp,7899552146426,fogoes,970.9355115890503,1,1,1,1,1,0.1,1,1,0.02,1,1.0,0.0003762227238525207
821,"Notebook Lenovo V14 i5-1135G7 8GB 256GB SSD W11 Pro MX 350 2GB 14"" FHD 82NM0014BR Preto",196379304945,notebooks,970.9355115890503,1,1,1,1,1,0.1,1,1,0.02,1,1.0,0.0003762227238525207
827,"Smartphone Samsung Galaxy A01 32GB Tela 5.7"" Camera 13MP Azul",7892509113274,celulares,970.9355115890503,1,1,1,1,1,0.1,1,1,0.02,1,1.0,0.0003762227238525207
828,"Vivobook 14'' FHD NanoEdge Lightweight Laptop, Core i3-1005G1 Dual-Core, 4GB DDR4 RAM, 128GB PCIe SSD, USB-C, HDMI, Wi-Fi, BT, Media Card Reader, Webcam, Wireless Mouse, Win 10 QWERTY US Teclado",850001751353,notebooks,970.9355115890503,1,1,1,1,1,0.1,1,1,0.02,1,1.0,0.0003762227238525207
829,Fogão De Alta Pressão 1 Boca A Gás Em Inox Escovado Guindani,7898687636482,fogoes,970.9355115890503,1,1,1,1,1,0.1,1,1,0.02,1,1.0,0.0003762227238525207
834,Notebook Vaio Fe14 14 Fhd I5-10210u 1tb 8gb Win10 Home,7896904638196,notebooks,970.9355115890503,1,1,1,1,1,0.1,1,1,0.02,1,1.0,0.0003762227238525207
835,Refrigerador Panasonic BT55 Top Freezer 2 Portas Frost Free 483 Litros Branco 220V NR-BT55PV2WB,7896067226933,geladeiras,970.9355115890503,1,1,1,1,3,0.3,1,3,0.06,1,1.0,0.0003762227238525207
842,"Smart TV LED 32"" Philco PTV32G52S HD e Áudio Dolby Conversor Digital Integrado 2 HDMI 1 USB Wi-Fi com Netflix",7899466436897,tvs,970.9355115890503,0,0,0,1,2,0.2,1,2,0.04,2,0.5,0.0007524454477050414
843,"Notebook Ultra 14"" Pentium 4GB 120GB SSD W10, UB320, Preto",7908414412774,notebooks,970.9355115890503,1,1,1,1,1,0.1,1,1,0.02,1,1.0,0.0003762227238525207
845,Fogão Atlas Mônaco Top Glass 5 Bocas Preto - Bivolt,7897180505165,fogoes,970.9355115890503,0,0,0,1,1,0.1,1,2,0.04,10,0.1,0.003762227238525207
850,Geladeira Brastemp Frost Free Inverse 460 litros Branca com Freeze Control Advanced - BRE59AB 110V,7891129252110,geladeiras,970.9355115890503,1,1,1,1,2,0.2,1,2,0.04,1,1.0,0.0003762227238525207
854,Smart TV 43 tcl 4K P615,7899968301068,tvs,970.9355115890503,0,0,0,1,3,0.3,1,3,0.06,2,0.5,0.0007524454477050414
857,"Notebook Positivo Motion Q4128C Intel Atom Quad-Core, Memória ram 4GB, Windows 10 Home, Tela de 14.1 Led hd, ssd 128G",7896904680591,notebooks,970.9355115890503,0,0,0,1,1,0.1,1,1,0.02,6,0.16666666666666666,0.002257336343115124
861,Geladeira Brastemp Frost Free 2 Portas BRM56 462L Inox - 110v,7891129251571,geladeiras,970.9355115890503,1,1,1,1,2,0.2,1,2,0.04,1,1.0,0.0003762227238525207
862,Refrigerador Smart LG 601 Litros Side by Side com IceWater e System e LG ThinQ Inox GC-L247SLUV – 127 Volts,8806098548958,geladeiras,970.9355115890503,1,1,1,1,2,0.2,1,2,0.04,1,1.0,0.0003762227238525207
863,"PHILIPS Android TV Ambilight 65"" 4K 65PUG7906/78, Google Assistant Built-in, Comando de Voz, Dolby Vision/Atmos, VRR/ALLM, Bluetooth 5.0",7898620271435,tvs,970.9355115890503,1,1,1,1,1,0.1,1,1,0.02,1,1.0,0.0003762227238525207
867,Notebook Positivo Motion Red Q232B Intel® Atom® Quad- Core 2GB 32GB flash 14'' Windows 10 Home Flash Vermelho,7896904630626,notebooks,970.9355115890503,1,1,1,1,1,0.1,1,1,0.02,1,1.0,0.0003762227238525207
869,Fogao glem matrix 5 bocas com forno elétrico 120 litros inox 90CM 220V - GLMMQB612VI,8054383964451,fogoes,970.9355115890503,1,1,1,1,3,0.3,1,3,0.06,1,1.0,0.0003762227238525207
871,Fogão 4 Bocas Mueller Decorato Vetro G3 Preto,7908156903134,fogoes,970.9355115890503,0,0,0,1,1,0.1,1,1,0.02,2,0.5,0.0007524454477050414
872,Fogão Jade Glass Piso 5 Bocas Branco Esmaltec Bivolt,7899081743295,fogoes,970.9355115890503,0,0,0,1,1,0.1,1,1,0.02,3,0.3333333333333333,0.001128668171557562
874,Fogao A Gas Da Vinci Vitreo 4 Q Branco Gas Glp,7899552140721,fogoes,970.9355115890503,0,0,0,1,1,0.1,1,1,0.02,3,0.3333333333333333,0.001128668171557562
877,"Smartphone Galaxy A23, 128Gb, Tela 6.6, Câmeras 50MP + 8MP + 2MP + 2MP, Preto, SM-A235MZKRZTO samsung",7892509122719,celulares,970.9355115890503,0,0,0,1,1,0.1,1,1,0.02,3,0.3333333333333333,0.001128668171557562
881,Fogão 6 Bocas Esmaltec Automático Caribe Br 6b Branco Bivolt,7899081743479,fogoes,970.9355115890503,1,1,1,1,2,0.2,1,2,0.04,1,1.0,0.0003762227238525207
886,Fogão Automático 5 Bocas Mueller Decorato Bivolt,7908156903172,fogoes,970.9355115890503,1,1,1,1,2,0.2,1,2,0.04,1,1.0,0.0003762227238525207
898,Fogão De Piso Suggar Max Cook 5 Queimadores Preto Bivolt,7908312801649,fogoes,970.9355115890503,1,1,1,1,2,0.2,1,2,0.04,1,1.0,0.0003762227238525207
900,Notebook Lenovo ideapad Gaming 3i i5-10300H 8GB 256SSD gtx 1650 4GB 15.6 fhd wva W10 82CG0002BR,195042730135,notebooks,970.9355115890503,1,1,1,1,2,0.2,1,2,0.04,1,1.0,0.0003762227238525207
902,Frigobar 79L Electrolux - Re80 110V,7896584035544,geladeiras,970.9355115890503,1,1,1,1,1,0.1,1,1,0.02,1,1.0,0.0003762227238525207
903,Geladeira Brastemp Gourmand Frost Free Side Inverse 540 litros Inox com Ice Maker - BRO81AR,7891129491717,geladeiras,970.9355115890503,0,0,0,1,1,0.1,1,1,0.02,2,0.5,0.0007524454477050414
907,Forno Elétrico Oster 30L Grafite - 220V,7898615986788,fogoes,970.9355115890503,1,1,1,1,2,0.2,1,2,0.04,1,1.0,0.0003762227238525207
914,Smartphone Moto G20 64GB 4G Wi-Fi Tela 6.5'' Dual Chip 4GB RAM Câmera Quádrupla + Selfie 13MP - Azul,7892597351114,celulares,970.9355115890503,1,1,1,1,1,0.1,1,1,0.02,1,1.0,0.0003762227238525207
916,Fogao a Gas Picasso Vitreo 5 Q Preto Fosco Gas Glp,7899552141322,fogoes,970.9355115890503,1,1,1,1,1,0.1,1,1,0.02,1,1.0,0.0003762227238525207
919,Smartphone asus rog Phone 5s Pro 18GB/ 512GB Preto,4711081433095,celulares,970.9355115890503,1,1,1,1,1,0.1,1,1,0.02,1,1.0,0.0003762227238525207
939,"Smart TV 60"" UHD Samsung 4k 60AU7700 Processador Crystal 4k",7892509118989,tvs,970.9355115890503,1,1,1,1,1,0.1,1,1,0.02,1,1.0,0.0003762227238525207
943,Fogão Flame Goddess Sculpture Cap Sport Mesh Respirável Baseball Hat,697309793728,fogoes,970.9355115890503,1,1,1,1,1,0.1,1,1,0.02,1,1.0,0.0003762227238525207
944,Notebook Lenovo V14 i3-1115G4 8GB 256GB ssd W11 Home 14 HD 82NM0010BR Preto,196379304907,notebooks,970.9355115890503,1,1,1,1,3,0.3,1,3,0.06,1,1.0,0.0003762227238525207
951,Fogão Braslar Sírius 5 Bocas Acendimento Manual Mesa Inox Forno 72.2L,7898385061227,fogoes,970.9355115890503,1,1,1,1,1,0.1,1,1,0.02,1,1.0,0.0003762227238525207
952,Smartphone Samsung Galaxy M31 128GB 4G Wi-Fi Tela 6.4'' Dual Chip 6GB RAM Câmera Quádrupla + Selfie 32MP - Preto,7892509114295,celulares,970.9355115890503,0,0,0,1,1,0.1,1,1,0.02,3,0.3333333333333333,0.001128668171557562
956,"Fogão 4 Bocas de Piso Esmaltec Branco, Acendimento Automático - Jade Glass 4091",7899081743264,fogoes,970.9355115890503,1,1,1,1,1,0.1,1,1,0.02,1,1.0,0.0003762227238525207
958,Smart TV LED 55” LG 55UP7550 4K UHD 55UP7550 Wi-Fi Bluetooth HDR Inteligência Artificial ThinQ Smart Magic Google Alexa,7893299915949,tvs,970.9355115890503,0,0,0,1,1,0.1,1,1,0.02,6,0.16666666666666666,0.002257336343115124
960,Smartphone Motorola Moto E6I XT20535 32GB,7892597351015,celulares,970.9355115890503,1,1,1,1,1,0.1,1,1,0.02,1,1.0,0.0003762227238525207
962,"Notebook ASUS X515MA-BR623X Intel Celeron Dual Core N4020 4GB 128GB SSD W11 15,60"" LED-backlit Cinza",7898573298145,notebooks,970.9355115890503,0,0,0,0,0,0.0,1,1,0.02,29,0.034482758620689655,0.0109104589917231
966,Mini Geladeira 15 Litros Cinza ( 110 - 220 volts ) Minicool,7898656530025,geladeiras,970.9355115890503,0,0,0,1,1,0.1,1,1,0.02,2,0.5,0.0007524454477050414
975,"Geladeira/Refrigerador Panasonic 435 Litros NR-BT51PV3, Frost Free, 2 Portas, Econavi, Aço Escovado",7896067226971,geladeiras,970.9355115890503,0,0,0,1,1,0.1,1,1,0.02,2,0.5,0.0007524454477050414
976,Smartphone Multilaser E Lite 32Gb Tela 4.0'' Dourado,7899838889214,celulares,970.9355115890503,0,0,0,0,0,0.0,1,1,0.02,28,0.03571428571428571,0.010534236267870579
981,Smartphone philco hit P12 128GB octa-core 4GB ram blue,7891356079696,celulares,970.9355115890503,1,1,1,1,1,0.1,1,1,0.02,1,1.0,0.0003762227238525207
982,"ACER, Notebook A515-54-579S i5 4GB 256SSD W10 NX.HQMAL.00X, Prata",4710886643753,notebooks,970.9355115890503,1,1,1,1,2,0.2,1,2,0.04,1,1.0,0.0003762227238525207
984,"Smartphone Positivo Twist 4G 32GB Dual Chip Android 10 Tela 5"" Octa-Core 1,6 GHz 4G 8MP - Cinza Chumbo",7896904683820,celulares,970.9355115890503,1,1,1,1,1,0.1,1,1,0.02,1,1.0,0.0003762227238525207
985,Fogão à Gás 4 Bocas Automático Itatiaia Vitrum Branco Bivolt,7892946336113,fogoes,970.9355115890503,1,1,1,1,2,0.2,1,4,0.08,1,1.0,0.0003762227238525207
988,"PHILIPS Android TV 55"" 4K 55PUG7406/78, Google Assistant Built-in, Comando de Voz, Dolby Vision/Atmos, VRR/ALLM, Bluetooth 5.0",7898620271398,tvs,970.9355115890503,0,0,0,1,2,0.2,1,2,0.04,2,0.5,0.0007524454477050414
996,Notebook Gamer Dell G15-i1000-U20P 15.6 fhd 10ª Geração Intel Core i5 8GB 512GB ssd nvidia gtx 1650 Linux,7899864941498,notebooks,970.9355115890503,1,1,1,1,1,0.1,1,1,0.02,1,1.0,0.0003762227238525207
1003,Fogao A gas gaudi 5 Q branco gás glp,7898456262225,fogoes,970.9355115890503,0,0,0,0,0,0.0,1,2,0.04,12,0.08333333333333333,0.004514672686230248
1004,"Smart TV Tela Qled 65"" Samsung 65Q70A 4k Conversor Digital Wi-Fi integrado 2 USB 4 HDMI Modo Game Som Em Movimento Virtual Tela Sem Limites",7892509117579,tvs,970.9355115890503,1,1,1,1,1,0.1,1,2,0.04,1,1.0,0.0003762227238525207
1010,Notebook i3 4GB HD 500GB Tela full HD 15.6 Wifi Bluetooh WebCam,7898571461626,notebooks,970.9355115890503,1,1,1,1,1,0.1,1,1,0.02,1,1.0,0.0003762227238525207
1011,Notebook Lenovo V14 i7-1165G7 8GB 256GB ssd Geforce MX350 W11 Home 14 fhd 82NM0016BR Preto,196379304860,notebooks,970.9355115890503,1,1,1,1,2,0.2,1,2,0.04,1,1.0,0.0003762227238525207
1015,Notebook Windows 10 Home Intel Core i3 4GB 1TB Ultra,7908414430211,notebooks,970.9355115890503,1,1,1,1,2,0.2,1,2,0.04,1,1.0,0.0003762227238525207
1020,Notebook Acer Aspire 5 i5 W10 Pro 8GB 256SSD 15.6 A515-55G-53QD - Prata,4710886261162,notebooks,970.9355115890503,1,1,1,1,1,0.1,1,2,0.04,1,1.0,0.0003762227238525207
1025,Fogao 4B mueller piacere acend. automatico - 60.1230.033,7908156901734,fogoes,970.9355115890503,1,1,1,1,3,0.3,1,3,0.06,1,1.0,0.0003762227238525207
1027,"Smart TV LG 65"" 4K OLED HDR WiFi Bluetooth Inteligência Artificial ThinQ AI Hands Free Google Assistente Alexa",7893299913419,tvs,970.9355115890503,1,1,1,1,2,0.2,1,2,0.04,1,1.0,0.0003762227238525207
1029,"Notebook Acer Aspire 5 A515-54-53VN Core I5 –10210U 8GB Win10, preto",4710886643708,notebooks,970.9355115890503,0,0,0,1,2,0.2,1,2,0.04,5,0.2,0.0018811136192626034
1034,Frigobar Midea 71 Litros Branco MRC08B1 110v 110v,7908198000150,geladeiras,970.9355115890503,1,1,1,1,2,0.2,1,2,0.04,1,1.0,0.0003762227238525207
1036,Smartphone Samsung Galaxy Note 10 8GB Ram 256GB Tela 6.3 Cam Tripla 12MP 16MP 12MP,7892509112710,celulares,970.9355115890503,1,1,1,1,1,0.1,1,1,0.02,1,1.0,0.0003762227238525207
1037,"SAMSUNG, Notebook Samsung Intel Celeron-6305 4GB 500GB W11 15,6"" Cinza Chumbo NP550XDA-KP1BR",7892509120814,notebooks,970.9355115890503,1,1,1,1,1,0.1,1,1,0.02,1,1.0,0.0003762227238525207
1039,Fogao A gas gaudi vetro vitreo 4 Q amarelo gás glp,7899552141520,fogoes,970.9355115890503,0,0,0,0,0,0.0,1,1,0.02,25,0.04,0.009405568096313018
1041,Geladeira Panasonic Generation Frost Free 435L Aço Escovado,7896067226964,geladeiras,970.9355115890503,1,1,1,1,1,0.1,1,1,0.02,1,1.0,0.0003762227238525207
1042,"Notebook Dell Inspiron I15-3501-A25P Intel Core I3-1005G1 4GB 256GB SSD W10 15.6"" - Preto",7899864938764,notebooks,970.9355115890503,1,1,1,1,1,0.1,1,1,0.02,1,1.0,0.0003762227238525207
1053,"Smartphone asus Zenfone Max Pro M2, 6GB ram, 64GB, Titanium tela 6.26, 12MP + 5MP",7898573296929,celulares,970.9355115890503,1,1,1,1,1,0.1,1,1,0.02,1,1.0,0.0003762227238525207
1056,"Notebook Asus Zenbook Core I5 2,4 Ghz 8Gb 256 Gb Ssd",7898573297636,notebooks,970.9355115890503,1,1,1,1,2,0.2,1,2,0.04,1,1.0,0.0003762227238525207
1057,Notebook Samsung Galaxy Book GO Sdragon 7c Octa-core 4GB 128GB SSD eUFS Windows 10,7892509118996,notebooks,970.9355115890503,0,0,0,1,1,0.1,1,1,0.02,2,0.5,0.0007524454477050414
1058,Fogão Itatiaia Essencial Mesa de Vidro - 4 Bocas - Preto,7892946411742,fogoes,970.9355115890503,1,1,1,1,1,0.1,1,1,0.02,1,1.0,0.0003762227238525207
1060,Redmi Note 10S Pebble White 8 GB RAM 128 GB ROM,6934177739729,celulares,970.9355115890503,1,1,1,1,1,0.1,1,1,0.02,1,1.0,0.0003762227238525207
1061,"Smartphone LG K8+ 16GB Dual Chip Android 7.0 Pie Tela 5.4"" 4G Câmera 8MP - Azul",7893299912788,celulares,970.9355115890503,0,0,0,1,1,0.1,1,1,0.02,3,0.3333333333333333,0.001128668171557562
1068,"Fogão 5 Bocas de Piso Electrolux, Ultra Chama, Silver - 76LSU",7909569000274,fogoes,970.9355115890503,1,1,1,1,1,0.1,1,1,0.02,1,1.0,0.0003762227238525207
1069,"Notebook Asus Intel Celeron-N4020  4GB 128GB W11 Pro 15,6"" Azul E510MA-BR701X",7898573298169,notebooks,970.9355115890503,0,0,0,1,1,0.1,1,1,0.02,2,0.5,0.0007524454477050414
1070,Fogão Consul CFS5VAR 5 Bocas com Trempe de Ferro Fundido e Mesa de Vidro Inox - Bivolt,7891129249608,fogoes,970.9355115890503,1,1,1,1,2,0.2,1,2,0.04,1,1.0,0.0003762227238525207
1087,TV PTV40G70N5CBLF LED,7891356095962,tvs,970.9355115890503,1,1,1,1,1,0.1,1,1,0.02,1,1.0,0.0003762227238525207
1090,Fogão de Piso Mesa de Vidro Front Control 5 Queimadores Branco Bivolt Suggar,7908312800352,fogoes,970.9355115890503,1,1,1,1,2,0.2,1,2,0.04,1,1.0,0.0003762227238525207
1091,"Smartphone Samsung Galaxy S22 5G, 256GB, 8GB ram, Tela Infinita de 6.1",7892509122214,celulares,970.9355115890503,0,0,0,1,1,0.1,1,1,0.02,8,0.125,0.0030097817908201654
1094,Fogao cooktop fischer 2 bocas A gas mesa vidro preto,7896513310292,fogoes,970.9355115890503,1,1,1,1,1,0.1,1,1,0.02,1,1.0,0.0003762227238525207
1096,Notebook lenovo ideapad 3I ryzen 5-5500U 8GB 256GB ssd windows 11 home 15.6 - prata,196119415894,notebooks,970.9355115890503,0,0,0,1,3,0.3,1,3,0.06,3,0.3333333333333333,0.001128668171557562
1097,Fogão à Gás 5 Bocas Acendimento Automático Mesa Vidro Bivolt,7892946411766,fogoes,970.9355115890503,0,0,0,0,0,0.0,1,2,0.04,12,0.08333333333333333,0.004514672686230248
1105,Geladeira Top Freezer DW44S Com Dispenser de Água Platinum 400L,7896584097993,geladeiras,970.9355115890503,1,1,1,1,1,0.1,1,1,0.02,1,1.0,0.0003762227238525207
1107,Fogão Mueller 6 Bocas Fratello Branco com Queimador Família,7908156900874,fogoes,970.9355115890503,1,1,1,1,1,0.1,1,1,0.02,1,1.0,0.0003762227238525207
1109,TV 75 Polegadas Samsung Crystal Smart 4k Wifi Un75tu7020gxzd,7892509115698,tvs,970.9355115890503,1,1,1,1,1,0.1,1,1,0.02,1,1.0,0.0003762227238525207
1110,"Smart TV Roku 4K UHD 58” TV PTV58G70RCBL 4K LED - Wi-Fi 3 HDMI, USB, PHILCO",7891356092336,tvs,970.9355115890503,1,1,1,1,1,0.1,1,1,0.02,1,1.0,0.0003762227238525207
1114,Fogao A gas gaudi 4 Q preto fosco gas glp,7899552144880,fogoes,970.9355115890503,1,1,1,1,1,0.1,1,1,0.02,1,1.0,0.0003762227238525207
1122,Smartphone Samsung Galaxy A22 5G 6.6 Octa Core 128GB 4GB Câmera Tripla,7892509122689,celulares,970.9355115890503,0,0,0,1,1,0.1,1,1,0.02,4,0.25,0.0015048908954100827
1128,Reembalado: Smartphone Samsung Galaxy A22 A225M 128GB 4GB ram Tela 6.4 - Excelente,7892509119702,celulares,970.9355115890503,0,0,0,1,1,0.1,1,1,0.02,3,0.3333333333333333,0.001128668171557562
1130,Smartphone Samsung Galaxy A12 128GB 4G Wi-Fi Tela 6.5'' Dual Chip 6GB ram Câmera Quádrupla + Selfie 8MP - Preto,8806092186422,celulares,970.9355115890503,1,1,1,1,1,0.1,1,1,0.02,1,1.0,0.0003762227238525207
1133,Notebook Dell Inspiron i15-i1100-M25P 15.6 Full HD 11ª Geração Intel Core i3 4GB 256GB ssd Windows 11 Preto,7899864943744,notebooks,970.9355115890503,1,1,1,1,1,0.1,1,1,0.02,1,1.0,0.0003762227238525207
1137,LG TV Smart 4K Uhd 70 Up7750Psb,7893299915857,tvs,970.9355115890503,0,0,0,1,1,0.1,1,1,0.02,2,0.5,0.0007524454477050414
1140,Smart TV LED 32'' HD Samsung LH32BETBLGGXZD,7892509114233,tvs,970.9355115890503,1,1,1,1,1,0.1,1,1,0.02,1,1.0,0.0003762227238525207
1146,"Notebook Dell Inspiron i15-i1100-U20P 15.6"" Full HD 11ª Geração Intel Core i3 4GB 128GB SSD Linux",7899864943713,notebooks,970.9355115890503,1,1,1,1,1,0.1,1,1,0.02,1,1.0,0.0003762227238525207
1149,Smart TV Philips 55 4K uhd 55PUG7625 HDR10 + P5 WiFi Bluetooth Dolby Vision Dolby Atmos 3 hdmi 2 USB,7898620271220,tvs,970.9355115890503,1,1,1,1,1,0.1,1,1,0.02,1,1.0,0.0003762227238525207
1154,Refrigerador Cuisinart Multi Door Arkton 518 Litros Cinza 220v 4093450001,7899100675002,geladeiras,970.9355115890503,1,1,1,1,1,0.1,1,1,0.02,1,1.0,0.0003762227238525207
1157,Refrigerador Continental Tc56s Frost Free Duplex 472 Litros,7909569245286,geladeiras,970.9355115890503,1,1,1,1,1,0.1,1,1,0.02,1,1.0,0.0003762227238525207
1162,Geladeira Electrolux TF55 Frost Free Duplex 431 Litros Branca,7896584097856,geladeiras,970.9355115890503,1,1,1,1,1,0.1,1,1,0.02,1,1.0,0.0003762227238525207
1169,Frigobar Consul 80 Litros CRC08 110v,7891129224049,geladeiras,970.9355115890503,0,0,0,1,1,0.1,1,1,0.02,6,0.16666666666666666,0.002257336343115124
1173,"Smartphone Nokia 2.4 Core Tela 6,5 ram 3GB Android",7898149185251,celulares,970.9355115890503,0,0,0,1,1,0.1,1,1,0.02,6,0.16666666666666666,0.002257336343115124
1175,Fogão A Gás glp Venax Da Vinci Vítreo 4 Bocas Preto Fosco,7899552140738,fogoes,970.9355115890503,0,0,0,1,1,0.1,1,1,0.02,5,0.2,0.0018811136192626034
1176,"Telefone robusto DOOGEE S40 PRO [4 GB de RAM 64 GB de ROM], smartphone externo desbloqueado Android 10 IP68, tela de vidro Gorilla de 5,45"", câmera tripla de 13 MP, SIM duplo (Exército verde)",3002801019257,celulares,970.9355115890503,1,1,1,1,1,0.1,1,1,0.02,1,1.0,0.0003762227238525207
1182,Geladeira/Refrigerador French Door Electrolux 579l Dm84x Inox 220v,7896584073607,geladeiras,970.9355115890503,1,1,1,1,1,0.1,1,1,0.02,1,1.0,0.0003762227238525207
1183,Smartphone Motorola Moto G10 64GB 4G Wi-Fi Tela 6.5'' Dual Chip 4GB RAM Câmera Quádrupla + Selfie 8MP - Cinza Aurora,7892597350780,celulares,970.9355115890503,1,1,1,1,1,0.1,1,1,0.02,1,1.0,0.0003762227238525207
1188,Fogao 6B brastemp acend. automatico - BFS6NCBUNA,7891129264502,fogoes,970.9355115890503,1,1,1,1,1,0.1,1,1,0.02,1,1.0,0.0003762227238525207
1201,"Notebook Asus Vivobook Intel Core i7-1165G7 8GB 256GB SSD W10 15,6"" Preto X513EA-EJ1064T",7898573297797,notebooks,970.9355115890503,1,1,1,1,1,0.1,1,1,0.02,1,1.0,0.0003762227238525207
1202,Fogão Agata Glass Piso 5 Bocas Branco Esmaltec Bivolt 0104002093,7899081743233,fogoes,970.9355115890503,0,0,0,1,1,0.1,1,1,0.02,2,0.5,0.0007524454477050414
1205,Tv Samsung Smart Led Fhd 40 Un40T5300Agxzd,7892509114301,tvs,970.9355115890503,1,1,1,1,1,0.1,1,1,0.02,1,1.0,0.0003762227238525207
1217,Smartphone Xiaomi Redmi 9 64GB 4GB Ram 4 Câmeras Roxo,7898567778868,celulares,970.9355115890503,1,1,1,1,1,0.1,1,1,0.02,1,1.0,0.0003762227238525207
1219,"Notebook Lenovo Ultrafino IdeaPad 3 Ryzen 7 5700U 8GB 256GB SSD Windows 11 15.6"" 82MF0004BR Prata",196119536544,notebooks,970.9355115890503,1,1,1,1,1,0.1,1,1,0.02,1,1.0,0.0003762227238525207
1221,Fogão Cook Top ultra chama 5 bocas - Chamalux,7897575153100,fogoes,970.9355115890503,1,1,1,1,1,0.1,1,1,0.02,1,1.0,0.0003762227238525207
1228,Smart TV Android LED 43 Full HD tcl 43S615 2 hdmi 1 USB Wi-Fi Bluetooth hdr,7899968301259,tvs,970.9355115890503,1,1,1,1,2,0.2,1,2,0.04,1,1.0,0.0003762227238525207
1230,Smartphone Xiaomi Redmi Note 8 Pro 6Gb/ 128Gb - Preto,6941059629931,celulares,970.9355115890503,1,1,1,1,1,0.1,1,1,0.02,1,1.0,0.0003762227238525207
1234,"Smart TV LG 50"" 4K UHD 50UP751C",7893299917820,tvs,970.9355115890503,1,1,1,1,1,0.1,1,1,0.02,1,1.0,0.0003762227238525207
1236,Refrigerador Duplex Frost Free Evox 478L Brastemp 127V,7891129252011,geladeiras,970.9355115890503,0,0,0,1,2,0.2,1,2,0.04,2,0.5,0.0007524454477050414
1238,"Smart TV 4K Samsung qled 55 com Modo Game, Alexa built in e Wi-Fi - QN55Q70AAGXZD",7892509117425,tvs,970.9355115890503,0,0,0,1,2,0.2,1,2,0.04,2,0.5,0.0007524454477050414
1239,"Notebook Multilaser Legacy Cloud, W10 Home Processador Intel Quadcore Memoria 2GB 64GB Tela 14,1 Pol. Cinza Multilaser – PC134",7908414411821,notebooks,970.9355115890503,1,1,1,1,4,0.4,1,4,0.08,1,1.0,0.0003762227238525207
1243,"Notebook Lenovo Ultrafino IdeaPad S145, Intel Core i3-1005G1, 4GB RAM, 1TB HD, Windows 10, 15.6"", Prata",195042557497,notebooks,970.9355115890503,1,1,1,1,2,0.2,1,2,0.04,1,1.0,0.0003762227238525207
1245,Notebook Asus X543NA-GQ342T - CELERON DUAL CORE / 4 GB / 500 GB / Windows 10 Home / Cinza Escuro,7898573297414,notebooks,970.9355115890503,0,0,0,0,0,0.0,0,0,0.0,583,0.0017152658662092624,0.21933784800601958
1246,Geladeira Frost Free Electrolux Top Freezer 382L com Dispenser de Água (TW42S) 127V,7909569244043,geladeiras,970.9355115890503,1,1,1,1,1,0.1,1,1,0.02,1,1.0,0.0003762227238525207
1248,"Notebook 445-g8 Hp, Amd Ryzen 7, 16gb, 256gb Ssd, Windows 10 Pro, Tela de 14"", 46u29la",196068126261,notebooks,970.9355115890503,0,0,0,1,1,0.1,1,1,0.02,3,0.3333333333333333,0.001128668171557562
1249,Forno Elétrico PHILCO PFE70I 70 Litros Inox 220v,7891356090745,fogoes,970.9355115890503,1,1,1,1,1,0.1,1,1,0.02,1,1.0,0.0003762227238525207
1251,Refrigerador Electrolux 538L Multidoor DM85X,7896584072037,geladeiras,970.9355115890503,1,1,1,1,1,0.1,1,1,0.02,1,1.0,0.0003762227238525207
1255,Fogão De Piso 4 Bocas Caribe Glass Mesa De Vidro Bivolt,7899081748764,fogoes,970.9355115890503,0,0,0,1,1,0.1,1,1,0.02,2,0.5,0.0007524454477050414
1258,Notebook Dell Inspiron i15-i1100-M10P 15.6 Full HD Intel Pentium Gold 4GB 128GB ssd Windows 11 Preto,7899864943478,notebooks,970.9355115890503,1,1,1,1,1,0.1,1,1,0.02,1,1.0,0.0003762227238525207
1263,Smartphone Samsung Galaxy Z Flip3 128GB 5G Wi-Fi Tela 6.7'' Dual Chip 8GB RAM Câmera Dupla + Selfie 10MP - Violeta,7892509120463,celulares,970.9355115890503,0,0,0,1,1,0.1,1,1,0.02,4,0.25,0.0015048908954100827
1265,Notebook compaq CQ-27 COREI3 4GB SSD120GB WIN10,7898960921342,notebooks,970.9355115890503,1,1,1,1,1,0.1,1,1,0.02,1,1.0,0.0003762227238525207
1270,"Geladeira Consul Frost Free Duplex CRM56 450L Espaço Flex 
 Branca com Painel Eletrônico Externo - 110v",7891129506084,geladeiras,970.9355115890503,1,1,1,1,1,0.1,1,1,0.02,1,1.0,0.0003762227238525207
1273,Fogao Mueller Fratello Vetro 4bcs 601230011,7908156900386,fogoes,970.9355115890503,1,1,1,1,2,0.2,1,2,0.04,1,1.0,0.0003762227238525207
1274,Notebook Multilaser Legacy Book PC250 Celeron 4gb 64gb Preto,7898149189457,notebooks,970.9355115890503,1,1,1,1,1,0.1,1,1,0.02,1,1.0,0.0003762227238525207
1283,Smartphone Motorola Moto G22 6.5 Octa Core 128GB 4GB Câmera Quádrupla,7892597352067,celulares,970.9355115890503,0,0,0,1,1,0.1,1,1,0.02,3,0.3333333333333333,0.001128668171557562
1284,Fogão 4 Bocas Mesa de Vidro Horus Total Top Control Glass Bivolt Inox,7898385061494,fogoes,970.9355115890503,1,1,1,1,1,0.1,1,1,0.02,1,1.0,0.0003762227238525207
1294,"Smartphone Mobile pro, Android 11 Smartphone desbloqueado, octa Core 4GB ram 64GB rom, 5400mAh Bateria, 13mp Quad Camera, 6.52 '' Tela Waterdrop, Dual Sim + sd (3 Slot), Preto",8445785971336,celulares,970.9355115890503,1,1,1,1,1,0.1,1,1,0.02,1,1.0,0.0003762227238525207
1296,"Smart TV Samsung 55"" QLED 4K Q65B 2022 Design Air Slim, Processador Quantum Lite, Multitela 55""",7892509122009,tvs,970.9355115890503,1,1,1,1,1,0.1,1,1,0.02,1,1.0,0.0003762227238525207
1304,Fogao A gas picasso 4 Q branco gás glp,7898291100065,fogoes,970.9355115890503,0,0,0,1,1,0.1,1,1,0.02,2,0.5,0.0007524454477050414
1312,"Notebook Positivo Motion Gold C41TEI Intel Celeron-N3350 4GB 1TB Linux 14,1'' Dourado",7896904685527,notebooks,970.9355115890503,0,0,0,0,0,0.0,1,1,0.02,18,0.05555555555555555,0.006772009029345372
1313,Smartphone Motorola Moto G31 128GB 4GB RAM Grafite,7892597351640,celulares,970.9355115890503,0,0,0,1,1,0.1,1,1,0.02,2,0.5,0.0007524454477050414
1315,Fogao A gas gemini 2 Q tampa de vidro branco gas glp,7898291100072,fogoes,970.9355115890503,1,1,1,1,1,0.1,1,2,0.04,1,1.0,0.0003762227238525207
1318,Fogão 4 Bocas Atlas Agile Up Glass Mesa Vidro,7897180506339,fogoes,970.9355115890503,1,1,1,1,1,0.1,1,1,0.02,1,1.0,0.0003762227238525207
1320,Geladeira/Refrigerador Frost Free 310 Litros Branco Electrolux (TF39) 127V,7896584080063,geladeiras,970.9355115890503,0,0,0,1,2,0.2,1,2,0.04,2,0.5,0.0007524454477050414
1321,"Smartphone LG K22+ , 3GB Memória, 64GB armazenamento, Dual Chip Android 10 Tela 6.2"" Quad Core 4G Câmera 13MP+2MP - Titan",7893299914690,celulares,970.9355115890503,1,1,1,1,1,0.1,1,1,0.02,1,1.0,0.0003762227238525207
1324,"Samsung Smart TV 50"" Crystal UHD 4K BU8000 2022 50""",7892509121934,tvs,970.9355115890503,0,0,0,1,2,0.2,1,2,0.04,2,0.5,0.0007524454477050414
1326,Fogão de Piso 5 Bocas Automático Mesa Inox Esmaltec Topázio branco null,7899081729497,fogoes,970.9355115890503,1,1,1,1,2,0.2,1,2,0.04,1,1.0,0.0003762227238525207
1387,"Smartphone Motorola Moto Z2 Play Gamepad  Edition Dual Chip Android 7.0 Tela 5.5"" Octa-Core 64GB Wi-Fi 4G Câmera 12MP - Platinum",7892597341801,celulares,970.9355115890503,1,1,1,1,1,0.1,1,1,0.02,1,1.0,0.0003762227238525207
1448,Notebook Compaq Presario 433 Intel Core i3 Linux 4GB 1TB 14 - Cinza,7896904659467,notebooks,970.9355115890503,1,1,1,1,1,0.1,1,1,0.02,1,1.0,0.0003762227238525207
1452,Geladeria/Refrigerador Consul Duplex CRE44 Frost Free com Freezer Embaixo 397 litros Evox - 220V,7891129499768,geladeiras,970.9355115890503,1,1,1,1,1,0.1,1,1,0.02,1,1.0,0.0003762227238525207
1486,"Smartphone Positivo Twist 3 Pro S533 64GB Dual Chip Android Tela 5,7"" Quad Core de 1,3 GHz Câmera Traseira 8MP - Grafite",7896904656688,celulares,970.9355115890503,1,1,1,1,1,0.1,1,1,0.02,1,1.0,0.0003762227238525207
1496,"Smart TV 50"" LED TCL P615 4K UHD HDR Android Com Wi-Fi e Bluetooth Integrados",7899968301075,tvs,970.9355115890503,1,1,1,1,1,0.1,1,1,0.02,1,1.0,0.0003762227238525207
1513,Forno Elétrico Best de Bancada 44L 1500W Preto - 220v,7898589672144,fogoes,970.9355115890503,1,1,1,1,1,0.1,1,1,0.02,1,1.0,0.0003762227238525207
1546,"Tela HP Chromebook da mais recente bandeira de 11,6 HD (1366 x 768), processador Intel Celeron N3350, 4GB LPDDR2, 32GB eMMC, Chrome OS, HD Graphics 500, 11A-NB0013DX, cinza cinza",755838611903,notebooks,970.9355115890503,1,1,1,1,1,0.1,1,1,0.02,1,1.0,0.0003762227238525207
1551,"Smart TV 70"" UHD Samsung 4k 70AU7700 Processador Crystal 4k Tela Sem Limites Visual Livre de Cabos Alexa Built In",7892509117944,tvs,970.9355115890503,1,1,1,1,1,0.1,1,1,0.02,1,1.0,0.0003762227238525207
1579,Cooktop Portátil Elétrico Vitrocerâmico 2 Bocas 127v,7899631611210,fogoes,970.9355115890503,1,1,1,1,1,0.1,1,1,0.02,1,1.0,0.0003762227238525207
1598,Fogão Brastemp 5 Bocas Cor Inox Com Turbo Chama E Touch Timer Com Autodesligamento - BFS5GCR,7891129264649,fogoes,970.9355115890503,1,1,1,1,1,0.1,1,1,0.02,1,1.0,0.0003762227238525207
1708,"PHILIPS Android TV Ambilight 55"" 4K 55PUG7906/78, Google Assistant Built-in, Comando de Voz, Dolby Vision/Atmos, VRR/ALLM, Bluetooth 5.0",7898620271428,tvs,970.9355115890503,0,0,0,1,1,0.1,1,1,0.02,2,0.5,0.0007524454477050414
1727,Fogão 4 Bocas New Top Glass Inox,7898385060930,fogoes,970.9355115890503,1,1,1,1,1,0.1,1,1,0.02,1,1.0,0.0003762227238525207
1776,"Depurador, Slim Pdr90i, 150w, Cinza, 220v, Philco",7891356070471,fogoes,970.9355115890503,1,1,1,1,1,0.1,1,1,0.02,1,1.0,0.0003762227238525207
1824,"Orbit Sander, máquina de polimento pneumático de disco redondo com saco de armazenamento de tubo de ar para marcenaria para lixamento para polimento",9186549715719,tvs,970.9355115890503,1,1,1,1,1,0.1,1,1,0.02,1,1.0,0.0003762227238525207
1881,Fogareiro Elétrico Portátil 2 Bocas 2000W -Relinx 220v,7898644939847,fogoes,970.9355115890503,1,1,1,1,1,0.1,1,1,0.02,1,1.0,0.0003762227238525207
1936,Geladeira Panasonic Frost Free 425L NR-BB53GV3W White Glass - 220v,7896067227145,geladeiras,970.9355115890503,0,0,0,1,1,0.1,1,1,0.02,3,0.3333333333333333,0.001128668171557562
1947,Fogão a Gás Venax Gemini 2 Queimadores Vetro Verde Turquesa glp 7510,7899552101470,fogoes,970.9355115890503,1,1,1,1,1,0.1,1,1,0.02,1,1.0,0.0003762227238525207
2100,Kit Forno Elétrico Embutir 45L Cooktop 5 Bocas Preto Safanelli - 220V,7896543229137,fogoes,970.9355115890503,1,1,1,1,1,0.1,1,1,0.02,1,1.0,0.0003762227238525207
2140,Geladeira Midea 480 Litros MD-RT507FGA04 Frost Free Aço,7908198000709,geladeiras,970.9355115890503,1,1,1,1,1,0.1,1,1,0.02,1,1.0,0.0003762227238525207
2237,Forno Eletrico Black Decker FT16B2 16 Litros 1200w 220v,7899497696598,fogoes,970.9355115890503,1,1,1,1,1,0.1,1,1,0.02,1,1.0,0.0003762227238525207
2240,Fogão de piso Best Cook Preto 5 Queimadores Suggar,7908312800345,fogoes,970.9355115890503,1,1,1,1,1,0.1,1,1,0.02,1,1.0,0.0003762227238525207
2379,Frigobar 46 litros inox 127V Suggar,7896518510338,geladeiras,970.9355115890503,1,1,1,1,1,0.1,1,1,0.02,1,1.0,0.0003762227238525207
2566,Fogão de Piso Brastemp BFD5NCR 5 Bocas Duplo Forno Inox - 110v,7891129264168,fogoes,970.9355115890503,1,1,1,1,1,0.1,1,1,0.02,1,1.0,0.0003762227238525207
